id,name,address,phone,type,department,municipality,nit_municipality,notifier_email,created_at,updated_at,deleted_at,code_dane_municipality,traffic_agency_code,mandate_document_applies,virtual_process_applies,id_parinttrasec_transfer,is_active_flit,code_divipo,request_issue_date_flag,traffic_secretary_requires_preassignment_plate,id_parinttrasec_registration,id_parinttrasec_otherservice,department_dane_code,requires_peace_and_safe,allows_runt_approval_queries,contact_phone,contact_name
0,TTO DEFECTO,ALCALDIA MUNICIPAL,3014103299,Organismos de Tránsito,NARIÑO,DEFECTO,0,contactenos@samaniego-narino.gov.co,2023-09-25 20:21:59.382334,2023-09-25 20:21:59.382334,NULL,52678,0,False,False,1,False,NULL,False,False,1,1,52,False,False,,
1,ALCALDIA MPAL DE VEGACHI,PLAZA PPAL,2545412,Organismos de Tránsito,ANTIOQUIA,VEGACHI,890985285, notificacionjudicial@vegachi-antioquia.gov.co,2023-09-25 20:21:59.382,2023-09-25 20:21:59.382,NULL,05858,5858000,False,False,1,False,NULL,False,False,1,1,05,False,False,,
2,DEPTO ADMTVO DE TTO Y TTE PUTUMAYO,CARRERA 2 NO. 7-25 BARRIO EL PROGRESO,5555555,Organismos de Tránsito,PUTUMAYO,VILLAGARZON,800094164,despacho@villagarzon-putumayo.gov.co,2023-09-25 20:21:59.382334,2023-09-25 20:21:59.382334,NULL,86885,86885000,False,False,1,False,NULL,False,False,1,1,,False,False,,
3,DIR DPTAL TTOyTTE CASANARE/AGUAZUL,CARRERA 21 # 14-23 PISO 2 BARRIO CRISTAL,6384900,Organismos de Tránsito,CASANARE,AGUAZUL - CASANARE,891855200,notificaciones_judiciales@aguazul-casanare.gov.co,2023-09-25 20:21:59.382334,2023-09-25 20:21:59.382334,NULL,85010,85010000,False,False,1,False,NULL,False,False,1,1,,False,False,,
4,DIR DPTAL TTOyTTE SAN ANDRES ISLAS,AVENIDA FRANCISCO NEWBALL EDIFICIO CORAL PALACE. SAN ANDRES ISLAS,5130801,Organismos de Tránsito,ARCHIPIÉLAGO DE SAN ANDRÉS Y PROVIDENCIA,SAN ANDRES - SAN ANDRES,892400038,,2023-09-25 20:21:59.382334,2023-09-25 20:21:59.382334,NULL,88001,88001000,False,False,1,False,NULL,False,False,1,1,,False,False,,
5,DIR MCPAL TTOyTTE MANZANARES,CALLE 6 CON CARRERA 4 ESQUINA,8550022,Organismos de Tránsito,CALDAS,MANZANARES,890802505,notificacionjudicial@manzanares-caldas.gov.co,2023-09-25 20:21:59.382334,2023-09-25 20:21:59.382334,NULL,17433,17433000,False,False,1,False,NULL,False,False,1,1,17,False,False,,
6,DIR TTEyTTO  MCPAL BARBOSA,CARRERA 15 # 15-29 ANTIGUA SEDE DE BANCOLOMBIA,4548300,Organismos de Tránsito,ANTIOQUIA,BARBOSA,890980445,asistenteadmsatt@gmail.com,2023-09-25 20:21:59.382,2025-08-13 21:36:08.600805,NULL,5079,5079000,True,True,1,True,NULL,True,True,1,1,05,False,False,3113576197,JIMENA LOAIZA
7,DIR TTEyTTO DPTAL CHOCO/ISTMINA,CALLE 30 DIAGONAL CEMENTERIO S.J,6711239,Organismos de Tránsito,CHOCÓ,ISTMINA - CHOCO,818000365,notificacionjudicial@istmina-choco.gov.co,2023-09-25 20:21:59.382334,2023-09-25 20:21:59.382334,NULL,27361,27361000,False,False,1,False,NULL,False,False,1,1,,False,False,,
8,DIR TTO MCPAL DONMATIAS,CARRERA 30 NO. 29-59,8663243,Organismos de Tránsito,ANTIOQUIA,DON MATIAS,901243431,contactenos@donmatias-antioquia.gov.co,2023-09-25 20:21:59.382334,2023-09-25 20:21:59.382334,NULL,5237,5237000,False,False,1,False,NULL,False,False,1,1,05,False,False,,
9,DIR TTOyTTE BUCARAMANGA,KM. 4 VIA A GIRON - BUCARAMANGA,6378415,Organismos de Tránsito,SANTANDER,BUCARAMANGA,890201222,notificaciones@bucaramanga.gov.co,2023-09-25 20:21:59.382334,2023-09-25 20:21:59.382334,NULL,68001,68001000,False,False,1,False,NULL,False,False,1,1,68,False,False,,
10,DIR TTOyTTE DPTAL CAQUETA/BELEN DE LOS ANDAQUIES,ALCALDIA MUNICIPAL,84316079,Organismos de Tránsito,CAQUETÁ,BELEN DE LOS ANDAQUIES - CAQUETA,828002553,alcaldia@belendelosandaquies-caqueta.gov.co,2023-09-25 20:21:59.382334,2023-09-25 20:21:59.382334,NULL,18094,18094000,False,False,1,False,NULL,False,False,1,1,,False,False,,
11,DIR TTOYTTE DPTAL CAQUETA/EL PAUJIL,CALLE 15 CARRERA 13 ESQUINA,4352427,Organismos de Tránsito,CAQUETÁ,FLORENCIA - CAQUETA,800095728, notificacionesjudiciales@florencia-caqueta.gov.co,2023-09-25 20:21:59.382334,2023-09-25 20:21:59.382334,NULL,18256,18256000,False,False,1,False,NULL,False,False,1,1,,False,False,,
12,DIR TTOyTTE DPTAL CAQUETA/SAN VIC CAGUAN,CALLE 2 # 4-46-48,033-3102195457,Organismos de Tránsito,CAQUETÁ,SAN VICENTE DEL CAGUAN - CAQUETA,800095785, contactenos@sanvicentedelcaguan-caqueta.gov.co,2023-09-25 20:21:59.382334,2023-09-25 20:21:59.382334,NULL,18753,18753000,False,False,1,False,NULL,False,False,1,1,,False,False,,
13,DIR TTOyTTE FLORIDABLANCA,CALLE 9 NO. 8-14,6497871,Organismos de Tránsito,SANTANDER,FLORIDABLANCA,890201235, notificaciones@floridablanca.gov.co,2023-09-25 20:21:59.382334,2023-09-25 20:21:59.382334,NULL,68276,68276000,False,False,1,False,NULL,False,False,1,1,68,False,False,,
14,DPTO ADTVO TTEyTTO VILLA DEL ROSARIO,CARRERA 7 NO. 10-40. AUTOPISTA INTERNACIONAL BARRIO LOMITAS,5708998,Organismos de Tránsito,NORTE DE SANTANDER,VILLA DEL ROSARIO,9006765702,notificacionesjudiciales@villarosario.gov.co,2023-09-25 20:21:59.382334,2023-09-25 20:21:59.382334,NULL,54874,54874000,False,False,1,False,NULL,False,False,1,1,,False,False,,
15,DPTO ADTVO TTOyTTE DIST CARTAGENA,AV. SANTANDER EDIFICIO MAR DEL NORTE NO. 46A-96 LOCALES DEL 1-5,6564412,Organismos de Tránsito,BOLIVAR,CARTAGENA,890480184,notificacionesjudicialesadministrativo@cartagena.gov.co,2023-09-25 20:21:59.382334,2023-09-25 20:21:59.382334,NULL,13001,13001000,False,False,1,False,NULL,False,False,1,1,13,False,False,,
16,DPTO ADTVO TTOyTTE GUAJIRA/HATONUEVO,EDIFICIO DE LA MARINA CALLE 1 NO 6-05-RIOACHA,5-7272626,Organismos de Tránsito,LA GUAJIRA,HATONUEVO - LA GUAJIRA,800255101,contactenos@hatonuevo-laguajira.gov.co,2023-09-25 20:21:59.382334,2023-09-25 20:21:59.382334,NULL,44378,44378000,False,False,1,False,NULL,False,False,1,1,44,False,False,,
17,DPTO ADTVO TTOyTTE MCPAL CUCUTA,AVENIDA GRAN COLOMBIA # 6E-91 BARRIO LA RIVIERA,5767126,Organismos de Tránsito,NORTE DE SANTANDER,CUCUTA,900582115,notificaciones_judiciales@cucuta.gov.co,2023-09-25 20:21:59.382334,2023-09-25 20:21:59.382334,NULL,54001,54001000,False,False,1,False,NULL,False,False,1,1,,False,False,,
18,DPTO ADTVO TTOYTTE MCPAL PASTO,CALLE 18 NO. 19-34. ANTIGUA CAJA AGRARIA,7333309,Organismos de Tránsito,NARINO,PASTO,8912800003,contactenos@pasto.gov.co,2023-09-25 20:21:59.382334,2023-09-25 20:21:59.382334,NULL,52001,52001000,False,False,1,False,NULL,False,False,1,1,,False,False,,
19,DPTO ADTVO TTOyTTE TOLIMA/ ALVARADO,CALLE 3RA ESQUINA. ALCALDIA MUNICIPAL,2820189,Organismos de Tránsito,TOLIMA,ALVARADO - TOLIMA,890700961,contactenos@pasto.gov.co,2023-09-25 20:21:59.382334,2023-09-25 20:21:59.382334,NULL,73026,73026000,False,False,1,False,NULL,False,False,1,1,,False,False,,
20,DPTO ADTVO TTOyTTE TOLIMA/GUAMO,CARRERA 7ª NO. 10 - 11. PARQUE DE LA CULTURA,2270280,Organismos de Tránsito,TOLIMA,GUAMO - TOLIMA,890702015, gobierno@elguamo-tolima.gov.co,2023-09-25 20:21:59.382334,2023-09-25 20:21:59.382334,NULL,73319,73319000,False,False,1,False,NULL,False,False,1,1,,False,False,,
21,DPTO ADTVO TTOyTTE TOLIMA/GUAYABAL,ALCALDIA MUNICIPAL PISO 2,2530041,Organismos de Tránsito,TOLIMA,ARMERO - TOLIMA,800113672,contactenos@armeroguayabal-tolima.gov.co,2023-09-25 20:21:59.382334,2023-09-25 20:21:59.382334,NULL,73055,73055000,False,False,1,False,NULL,False,False,1,1,,False,False,,
22,DPTO ADTVO TTOyTTE TOLIMA/ORTEGA,MZ M CASA 7 PISO 1 B/TECHITOS,3133410651,Organismos de Tránsito,TOLIMA,ORTEGA - TOLIMA,800113672,notificacionesjudiciales@ortega-tolima.gov.co,2023-09-25 20:21:59.382334,2023-09-25 20:21:59.382334,NULL,73504,73504000,False,False,1,False,NULL,False,False,1,1,,False,False,,
23,DPTO ADTVO TTOyTTE TOLIMA/PURIFICACIÓN,CARRERA 6 NO 8 A - 110,2282810,Organismos de Tránsito,TOLIMA,PURIFICACION - TOLIMA,800113672, contactenos@purificacion-tolima.gov.co,2023-09-25 20:21:59.382334,2023-09-25 20:21:59.382334,NULL,73585,73585000,False,False,1,False,NULL,False,False,1,1,,False,False,,
24,DPTO TTOyTTE MCPAL SAN JUAN DE NEPOMUCENO,SAN JUAN NEPO,6690007,Organismos de Tránsito,BOLIVAR,SAN JUAN NEPOMUCENO,899999061,,2023-09-25 20:21:59.382334,2023-09-25 20:21:59.382334,NULL,13657,13657000,False,False,1,False,NULL,False,False,1,1,13,False,False,,
25,F. DPTAL TTO VICHADA/PUERTO CARREÑO,CALLE 18 NO. 7-48,5654132,Organismos de Tránsito,VICHADA,PUERTO CARREÑO - VICHADA,892099305,contactenos@puertocarreno-vichada.gov.co,2023-09-25 20:21:59.382334,2023-09-25 20:21:59.382334,NULL,99001,99001000,False,False,1,False,NULL,False,False,1,1,,False,False,,
26,F. MCPAL TTOyTTE TERRESTRE MAGANGUE,CALLE 16 BARRIO SAN MARTIN ANTIGUO IDEMA,314574512,Organismos de Tránsito,BOLIVAR,MAGANGUE,899999069, notificacionjudicial@magangue-bolivar.gov.co,2023-09-25 20:21:59.382334,2023-09-25 20:21:59.382334,NULL,13430,13430000,False,False,1,False,NULL,False,False,1,1,13,False,False,,
27,INPS TTOYTTE LA DORADA,CALLE 16 CON CARRERA 5 CENTRO COMERCIAL DORADO PLAZA SEGUNDO PISO LOCAL 201-2,8577255,Organismos de Tránsito,CALDAS,LA DORADA,890801052,sistemas1@inteligente.com,2023-09-25 20:21:59.382,2025-08-13 21:44:22.25,NULL,17380,17380000,True,True,1,True,NULL,True,True,1,1,17,False,False,3043753514,alvaro mejia
28,INS DE TTOyTTE QUIMBAYA,CARRERA 6 ENTRE CALLE 12 ESQUINA PALACIO MUNICIPAL,7520605,Organismos de Tránsito,QUINDIO,QUIMBAYA,890000613,notificacionjudicial@quimbaya-quindio.gov.co,2023-09-25 20:21:59.382334,2023-09-25 20:21:59.382334,NULL,63594,63594000,False,False,1,False,NULL,False,False,1,1,63,False,False,,
29,INS MCPAL DE TyTO DE COROZAL,CALLE 29 A NO-37-29. BARRIO SAN JUAN,2840039,Organismos de Tránsito,SUCRE,COROZAL,823000240,juridica@corozal-sucre.gov.co,2023-09-25 20:21:59.382334,2023-09-25 20:21:59.382334,NULL,70215,70215000,False,False,1,False,NULL,False,False,1,1,,False,False,,
30,INS MCPAL TTOyTTE SAN VICENTE CHUCURI,CALLE 15 NO 21 - 34. CENTRO DE ABASTOS,6254306,Organismos de Tránsito,SANTANDER,SAN VICENTE DE CHUCURI,800099829,notificacionjudicial@sanvicentedechucuri-,2023-09-25 20:21:59.382334,2023-09-25 20:21:59.382334,NULL,68689,68689000,False,False,1,False,NULL,False,False,1,1,68,False,False,,
31,INSP DE TT0 y TTE CONVENCION,ALCALDIA MUNICIPAL,5630018,Organismos de Tránsito,NORTE DE SANTANDER,CONVENCION,800103927,contactenos@convencion-nortedesantander.gov.co,2023-09-25 20:21:59.382334,2023-09-25 20:21:59.382334,NULL,54206,54206000,False,False,1,False,NULL,False,False,1,1,,False,False,,
32,INSP MCPAL TTO CIUDAD BOLIVAR,CRA 49 NO 51-14,4-8411183 EXT 31 o 44,Organismos de Tránsito,ANTIOQUIA,CIUDAD BOLIVAR,8909002860,notificacionesjudiciales@ciudadbolivar-antioquia.gov.co,2023-09-25 20:21:59.382334,2023-09-25 20:21:59.382334,NULL,5101,5101000,False,False,1,False,NULL,False,False,1,1,05,False,False,,
33,INSP MCPAL TTO TURBO,CALLE 102 NO. 15-37 BARRIO BALTAZAR,8275505,Organismos de Tránsito,ANTIOQUIA,TURBO,890981138,notificacionesjuridica@turbo-antioquia.gov.co,2023-09-25 20:21:59.382334,2023-09-25 20:21:59.382334,NULL,5837,5837000,False,False,1,False,NULL,False,False,1,1,05,False,False,,
34,INSP MCPAL TTOyREG VIAL LETICIA,CALLE 9 NO 10-68,5924369,Organismos de Tránsito,AMAZONAS,LETICIA,899999302,contactenos@leticia-amazonas.gov.co,2023-09-25 20:21:59.382334,2023-09-25 20:21:59.382334,NULL,91001,91001000,False,False,1,False,NULL,False,False,1,1,,False,False,,
35,INSP MCPAL TTOyTTE BARBOSA/STDER,CARRERA 9 CON CALLE 6 ESQUINA,7482040,Organismos de Tránsito,SANTANDER,BARBOSA,890980445,notificacionjudicial@barbosa-santander.gov.co,2023-09-25 20:21:59.382334,2023-09-25 20:21:59.382334,NULL,68077,68077000,False,False,1,False,NULL,False,False,1,1,68,False,False,,
36,INSTITUTO DE MOVILIDAD DE EL CARMEN DE BOLIVAR,CARRETERA TRONCAL KM 1 VIA SINCELEJO ANTIGUA TABACALERA ESPINOSA,6860527,Organismos de Tránsito,BOLIVAR,EL CARMEN DE BOLIVAR,890480059,notificacionjudicial@elcarmen-bolivar.gov.co,2023-09-25 20:21:59.382334,2023-09-25 20:21:59.382334,NULL,13244,13244000,False,False,1,False,NULL,False,False,1,1,13,False,False,,
37,INSP MCPAL TTOyTTE CARMEN DE VIBORAL,CALLE 31 N° 30-06 PARQUE PRINCIPAL,5434377,Organismos de Tránsito,ANTIOQUIA,EL CARMEN DE VIBORAL,890982616,notificaciones.judiciales@alcaldiaelcarmen.gov.co,2023-09-25 20:21:59.382334,2023-09-25 20:21:59.382334,NULL,5148,5148000,False,False,1,False,NULL,False,False,1,1,05,False,False,,
38,INSP MCPAL TTOyTTE SAN GIL,CALLE 12 NO. 9-51 FRENTE AL PARQUE PRINCIPAL,7243400,Organismos de Tránsito,SANTANDER,SAN GIL,800099824,notificacionesjudiciales@sangil.gov.co,2023-09-25 20:21:59.382334,2023-09-25 20:21:59.382334,NULL,68679,68679000,False,False,1,False,NULL,False,False,1,1,68,False,False,,
39,INSP TTEyTTO AGUADAS,CALLE 6 NO 5 - 23 PISO 1. PALACIO MUNICIPAL PLAZA PRINCIPAL,8514239,Organismos de Tránsito,CALDAS,AGUADAS,890801052,juridica@aguadas-caldas.gov.co,2023-09-25 20:21:59.382334,2023-09-25 20:21:59.382334,NULL,17013,17013000,False,False,1,False,NULL,False,False,1,1,17,False,False,,
40,INSP TTEyTTO GUADALAJARA DE BUGA,TERMINAL DE TRANSPORTE-SEGUNDO PISO OFICINA 207 Y 209,2375568,Organismos de Tránsito,VALLE DEL CAUCA,GUADALAJARA DE BUGA,891380033,notificaciones@buga.gov.co,2023-09-25 20:21:59.382334,2023-09-25 20:21:59.382334,NULL,76111,76111000,False,False,1,False,NULL,False,False,1,1,76,False,False,,
41,INSP TTO MCPAL LA CEJA,CARRERA 17 NO. 21 - 54 CENTRAL INTEGRADORA DE TRANSPORTES,5534428,Organismos de Tránsito,ANTIOQUIA,LA CEJA,890981207, notificacionesjudiciales@laceja-antioquia.gov.co,2023-09-25 20:21:59.382334,2023-09-25 20:21:59.382334,NULL,5376,5376000,False,False,1,False,NULL,False,False,1,1,05,False,False,,
42,INSP TTO MOMPOX,CARRERA 2 PALACIO DE SAN CARLOS,3123953406,Organismos de Tránsito,BOLIVAR,MOMPOS,860002503,buzonjudicial@santacruzdemompos-bolivar.gov.co,2023-09-25 20:21:59.382334,2023-09-25 20:21:59.382334,NULL,13468,13468000,False,False,1,False,NULL,False,False,1,1,13,False,False,,
43,STRIA TTOyTTE MCPAL PLATO - MAGDALENA,VIA 14 SALIDA AL DIFICIL - 2 PISO,4840317,Organismos de Tránsito,MAGDALENA,PLATO,891780051,contactenos@plato-magdalena.gov.co,2023-09-25 20:21:59.382334,2023-09-25 20:21:59.382334,NULL,47555,47555000,False,False,1,False,NULL,False,False,1,1,,False,False,,
44,INSP TTO PUERTO BERRIO,CARRERA 5 NO 50 - 11 PALACIO MUNICIPAL PISO 2,8332120,Organismos de Tránsito,ANTIOQUIA,PUERTO BERRIO,890980049,notificacionesjudiciales@puertoberrio-antioquia.gov.co,2023-09-25 20:21:59.382334,2023-09-25 20:21:59.382334,NULL,5579,5579000,False,False,1,False,NULL,False,False,1,1,05,False,False,,
45,INSP TTOyTTE ANDES,CALLE 49 ARBOLEDA N° 49ª - 33,8416830,Organismos de Tránsito,ANTIOQUIA,ANDES,890980342,gobierno@andes-antioquia.gov.co,2023-09-25 20:21:59.382334,2023-09-25 20:21:59.382334,NULL,5034,5034000,False,False,1,False,NULL,False,False,1,1,05,False,False,,
46,INSP TTOyTTE BARRANCABERMEJA,CARRERA 2 NO.50-25 SECTOR COMERCIAL,6214599,Organismos de Tránsito,SANTANDER,BARRANCABERMEJA,829001846,defensajudicial@barrancabermeja.gov.co,2023-09-25 20:21:59.382,2023-09-25 20:21:59.382,NULL,68081,68081000,False,False,1,False,NULL,False,False,1,1,68,False,False,,
47,INSP TTOyTTE CALARCA,AVENIDA CACIQUE CALLE 42 NO. 22-01,,Organismos de Tránsito,QUINDIO,CALARCA,890001639,notificacionjudicial@calarca-quindio.gov.co,2023-09-25 20:21:59.382334,2023-09-25 20:21:59.382334,NULL,63130,63130000,False,False,1,False,NULL,False,False,1,1,63,False,False,,
48,INSP TTOyTTE LORICA,CARRERA 25. TERMINAL DE TRANSPORTE,7735426,Organismos de Tránsito,CORDOBA,LORICA,800193833,notificacionjudicial@santacruzdelorica-cordoba.gov.co,2023-09-25 20:21:59.382334,2023-09-25 20:21:59.382334,NULL,23417,23417000,False,False,1,False,NULL,False,False,1,1,,False,False,,
49,INSP TTOyTTE MCPAL PUERTO BOYACA,CARRERA 2 NO. 9-41,7383490,Organismos de Tránsito,BOYACA,PUERTO BOYACA,891800466,notificacionjudicial@puertoboyaca-boyaca.gov.co,2023-09-25 20:21:59.382334,2023-09-25 20:21:59.382334,NULL,15572,15572000,False,False,1,False,NULL,False,False,1,1,,False,False,,
50,INSP TTOyTTE MCPAL SAHAGUN,CALLE 14 ENTRE CARRERA 10 Y 11,7588350,Organismos de Tránsito,CORDOBA,SAHAGUN,800096777,alcaldia@sahagun-cordoba.gov.co,2023-09-25 20:21:59.382334,2023-09-25 20:21:59.382334,NULL,23660,23660000,False,False,1,False,NULL,False,False,1,1,,False,False,,
51,INSP TTOYTTE MCPAL SONSON,CARRERA 6 NO. 6 - 58. ALCALDIA MUNICIPAL,8694444,Organismos de Tránsito,ANTIOQUIA,SONSON,890980357,contactenos@sonson-antioquia.gov.co,2023-09-25 20:21:59.382,2023-09-25 20:21:59.382,NULL,5756,5756000,False,False,1,False,NULL,False,False,1,1,05,False,False,,
52,INSP TTOyTTE ROLDANILLO,ALCALDIA MUNICIPAL CALLE 9 CON CARRERA 2 NORTE. PARQUE DIDACTICO,2490484,Organismos de Tránsito,VALLE DEL CAUCA,ROLDANILLO,891900289, notificacionjudicial@roldanillo-valle.gov.co,2023-09-25 20:21:59.382334,2023-09-25 20:21:59.382334,NULL,76622,76622000,False,False,1,False,NULL,False,False,1,1,76,False,False,,
53,INSP TTOyTTE ZARZAL,CARRERA 9 NO. 10-36. PALACIO MUNICIPAL,2219000,Organismos de Tránsito,VALLE DEL CAUCA,ZARZAL,890399029, juridica@zarzal-valle.gov.co,2023-09-25 20:21:59.382334,2023-09-25 20:21:59.382334,NULL,76895,76895000,False,False,1,False,NULL,False,False,1,1,76,False,False,,
54,INST DE TTO MCPAL CHAPARRAL,CALLE 10 # 8-42 CENTRO (CIS),2460290,Organismos de Tránsito,TOLIMA,CHAPARRAL,800100053,juridica@chaparral-tolima.gov.co),2023-09-25 20:21:59.382334,2023-09-25 20:21:59.382334,NULL,73168,73168000,False,False,1,False,NULL,False,False,1,1,,False,False,,
55,INST DE TTOyTTE DE CAMPOALEGRE HUILA ITTC,CLL 18 # 7-32,8380088,Organismos de Tránsito,HUILA,CAMPOALEGRE,891180140,sgeneral@campoalegre-huila.gov.co,2023-09-25 20:21:59.382334,2023-09-25 20:21:59.382334,NULL,41132,41132000,False,False,1,False,NULL,False,False,1,1,41,False,False,,
56,INST DPTAL DE TTO QUINDIO/CIRCASIA-NOUTILIZAR,KILOMETRO 3 VIA ARMENIA A CIRCACIA,7498764,Organismos de Tránsito,QUINDÍO,CIRCASIA - QUINDIO,890001044,notificacionjudicial@circasia-quindio.gov.co,2023-09-25 20:21:59.382334,2023-09-25 20:21:59.382334,NULL,63190,63190000,False,False,1,False,NULL,False,False,1,1,,False,False,,
57,INST DPTAL TTOyTTE META/RESTREPO,CALLE 8 NO 3 - 31 BARRIO GAITAN,6550070,Organismos de Tránsito,META,RESTREPO - META,822001754,notificacionjudicial@restrepo-meta.gov.co,2023-09-25 20:21:59.382334,2023-09-25 20:21:59.382334,NULL,50606,50606000,False,False,1,False,NULL,False,False,1,1,50,False,False,,
58,INST DPTAL TTOyTTE META/GUAMAL,CARRERA 6 TRANSVERSAL 5 ESQUINA,8-6755427,Organismos de Tránsito,META,GUAMAL - META,800098193,notificacionesjudiciales@guamal-meta.gov.co,2023-09-25 20:21:59.382334,2023-09-25 20:21:59.382334,NULL,50318,50318000,False,False,1,False,NULL,False,False,1,1,50,False,False,,
59,INST DPTAL TTOyTTE META/PUERTO LOPEZ,CALLE 8 N. 3-31,6550305,Organismos de Tránsito,META,PUERTO LOPEZ - META,822000481, juridica@puertolopez-meta.gov.co,2023-09-25 20:21:59.382334,2023-09-25 20:21:59.382334,NULL,50573,50573000,False,False,1,False,NULL,False,False,1,1,50,False,False,,
60,INST DTAL DE TTO CESAR/SAN DIEGO,CALLE 3 9-51,5840310,Organismos de Tránsito,CESAR,SAN DIEGO,800096623,admin@sandiego-cesar.gov.co,2023-09-25 20:21:59.382334,2023-09-25 20:21:59.382334,NULL,20750,20750001,False,False,1,False,NULL,False,False,1,1,,False,False,,
61,INST MCPAL TTE Y MOVILIDAD-IMTRAM PTO ASIS,CALLE 10 NO. 30-60,4221049,Organismos de Tránsito,PUTUMAYO,PUERTO ASIS,891200461,contactenos@puertoasis-putumayo.gov.co,2023-09-25 20:21:59.382334,2023-09-25 20:21:59.382334,NULL,86568,86568000,False,False,1,False,NULL,False,False,1,1,,False,False,,
62,INST MCPAL TTO DE ARACATACA - IMTARAC,CALLE 9 # 5 - 18 BARRIO CENTRO,4270727,Organismos de Tránsito,MAGDALENA,ARACATACA,800103920,notificacionjudicial@aracataca-magdalena.gov.co,2023-09-25 20:21:59.382334,2023-09-25 20:21:59.382334,NULL,47053,47053000,False,False,1,False,NULL,False,False,1,1,,False,False,,
63,INST MCPAL TTOyTTE AGUACHICA,CARRERA 15 NO. 2-42,5651445,Organismos de Tránsito,CESAR,AGUACHICA,892399999,notificacionjudicial@aguachica-cesar.gov.co,2023-09-25 20:21:59.382334,2023-09-25 20:21:59.382334,NULL,20011,20011000,False,False,1,False,NULL,False,False,1,1,,False,False,,
64,INST MCPAL TTOyTTE EL BANCO,CARRERA 4 NO. 6-20,4291714,Organismos de Tránsito,MAGDALENA,EL BANCO,819000587,oficinajuridica@elbanco-magdalena.gov.co,2023-09-25 20:21:59.382334,2023-09-25 20:21:59.382334,NULL,47245,47245000,False,False,1,False,NULL,False,False,1,1,,False,False,,
65,INST MCPAL TTOyTTE FUNDACION,TRANSVERSAL 8 DIAGONAL 9 NO. 9-75,4131439,Organismos de Tránsito,MAGDALENA,FUNDACION,891780045, ventanillaunica@fundacion-magdalena.gov.co,2023-09-25 20:21:59.382334,2023-09-25 20:21:59.382334,NULL,47288,47288000,False,False,1,False,NULL,False,False,1,1,,False,False,,
66,INST MCPAL TTOyTTE MAICAO,CALLE 10 NO. 9-34 PISO 3 EDIFICIO JERUSALEN,7255524,Organismos de Tránsito,LA GUAJIRA,MAICAO,892115007,notificacionesjudiciales@maicao-laguajira.gov.co,2023-09-25 20:21:59.382334,2023-09-25 20:21:59.382334,NULL,44430,44430000,False,False,1,False,NULL,False,False,1,1,44,False,False,,
67,INST MCPAL TTOYTTE SOLEDAD,AUTOPISTA AREOPUERTO NO. 23-1325,3931108,Organismos de Tránsito,ATLANTICO,SOLEDAD,890106291,ofijuridicanotificaciones@soledad-atlantico.gov.co,2023-09-25 20:21:59.382,2023-09-25 20:21:59.382,NULL,8758,8758000,False,False,1,False,NULL,False,False,1,1,08,False,False,,
68,INST MCPAL TTOyTTE VALLEDUPAR,CARRERA 33 # 20F-06 KM 1 SALIDA A BOSCONIA - MERCABASTOS,5804595,Organismos de Tránsito,CESAR,VALLEDUPAR,892300072,juridica@valledupar-cesar.gov.co,2023-09-25 20:21:59.382334,2023-09-25 20:21:59.382334,NULL,20001,20001000,False,False,1,False,NULL,False,False,1,1,,False,False,,
69,INST MOVyTTE MCPAL DE ARAUQUITA,CR 3 5 53 B.SAN MARTIN,3227707354,Organismos de Tránsito,ARAUCA,ARAUQUITA,892099494,notificacionjudicial@arauquita-arauca.gov.co,2023-09-25 20:21:59.382334,2023-09-25 20:21:59.382334,NULL,81065,81065000,False,False,1,False,NULL,False,False,1,1,81,False,False,,
70,INST MOVyTTE MCPAL TAME,CALLE 11 NO. 14 - 59,8882174,Organismos de Tránsito,ARAUCA,TAME,800093257,contactenos@tame-arauca.gov.co,2023-09-25 20:21:59.382334,2023-09-25 20:21:59.382334,NULL,81794,81794000,False,False,1,False,NULL,False,False,1,1,81,False,False,,
71,STRIA MCPAL TTOyTTE SABANAGRANDE– ATLÁNTICO,CARRETERA ORIENTAL 100 METROS ANTES PARAJE DE SABANAGRANDE,3713000 EXT 223 - 033-3014307808,Organismos de Tránsito,ATLANTICO,SABANAGRANDE,800115102,contactenos@tame-arauca.gov.co,2023-09-25 20:21:59.382334,2023-09-25 20:21:59.382334,NULL,8634,8634000,False,False,1,False,NULL,False,False,1,1,08,False,False,,
72,INST TTOyTTE ARAUCA/ARAUCA,CARRERA 19 NO 17-55. CENTRO,8853157,Organismos de Tránsito,ARAUCA,ARAUCA - ARAUCA,800102504,notificacionjudicial@arauca-arauca.gov.co,2023-09-25 20:21:59.382334,2023-09-25 20:21:59.382334,NULL,81001,81001000,False,False,1,False,NULL,False,False,1,1,81,False,False,,
73,INST TTOyTTE ACACIAS,CALLE 15 NO. 16 - 56 BARRIO EL CENTRO,6564535,Organismos de Tránsito,META,ACACIAS,892001457,notificacionjudicial@acacias.gov.co,2023-09-25 20:21:59.382334,2023-09-25 20:21:59.382334,NULL,50006,50006000,False,False,1,False,NULL,False,False,1,1,50,False,False,,
74,INST TTOyTTE CHARALA,CARRERA 17 NO 24-11. ALCALDIA MUNICIPAL - PISO 2,7258372,Organismos de Tránsito,SANTANDER,CHARALA,804915993,notificacionjudicial@charala-santander.gov.co,2023-09-25 20:21:59.382334,2023-09-25 20:21:59.382334,NULL,68167,68167000,False,False,1,False,NULL,False,False,1,1,68,False,False,,
75,INST TTOyTTE DE CERETE,CEREBASTOS BLOQUE A. PRIMER PISO,7641537,Organismos de Tránsito,CORDOBA,CERETE,812000674,juridica@cerete-cordoba.gov.co,2023-09-25 20:21:59.382334,2023-09-25 20:21:59.382334,NULL,23162,23162000,False,False,1,False,NULL,False,False,1,1,,False,False,,
76,INST TTOyTTE DE PITALITO - INTRAPITALITO,CALLE 1 # 11-45 ESTE BARRIO PARAISO,8369915,Organismos de Tránsito,HUILA,PITALITO,9013386341,juridico@alcaldiapitalito.gov.co,2023-09-25 20:21:59.382334,2023-09-25 20:21:59.382334,NULL,41551,41551000,False,False,1,False,NULL,False,False,1,1,41,False,False,,
77,INST TTOYTTE DEL MUNICIPIO DE ALBANIA,CALLE 2 NO. 4-13 BARRIO EL CENTRO,7775377,Organismos de Tránsito,LA GUAJIRA,ALBANIA,892115155,notificacionjudicial@albania-laguajira.gov.co,2023-09-25 20:21:59.382334,2023-09-25 20:21:59.382334,NULL,44035,44035000,False,False,1,False,NULL,False,False,1,1,44,False,False,,
78,INST TTOyTTE DEL MUNICIPIO DE LOS PATIOS,AVENIDA 10 NO. 28-46 SEGUNDO PISO,5809524,Organismos de Tránsito,NORTE DE SANTANDER,LOS PATIOS,800044113,notificacionjudicial@lospatios-nortedesantander.gov.co,2023-09-25 20:21:59.382334,2023-09-25 20:21:59.382334,NULL,54405,54405000,False,False,1,False,NULL,False,False,1,1,,False,False,,
79,INSTITUTO DE TRANSPORTES Y TRÁNSITO DEL HUILA/RIVERA,VEREDA BAJO PEDREGAL 100 METROS DESPUES DEL CRUCE VIA NEIVA - RIVERA,8392411,Organismos de Tránsito,HUILA,RIVERA,891180040, contactenos@rivera-huila.gov.co,2023-09-25 20:21:59.382334,2023-09-25 20:21:59.382334,NULL,41615,41615000,False,False,1,False,NULL,False,False,1,1,41,False,False,,
80,INST TTOyTTE DPTAL HUILA/TIMANA,CARRERA 4 NO 10 - 48,8374701,Organismos de Tránsito,HUILA,TIMANA - HUILA,800103913,notificacionjudicial@timana-huila.gov.co,2023-09-25 20:21:59.382334,2023-09-25 20:21:59.382334,NULL,41807,41807000,False,False,1,False,NULL,False,False,1,1,41,False,False,,
81,INST TTOyTTE MCPAL CIENAGA,CALLE 12 # 12-07,4101560,Organismos de Tránsito,MAGDALENA,CIENAGA,891800498,contactenos@cienaga-magdalena.gov.co,2023-09-25 20:21:59.382334,2023-09-25 20:21:59.382334,NULL,47189,47189000,False,False,1,False,NULL,False,False,1,1,,False,False,,
82,INST TTOyTTE MCPAL SOGAMOSO,CARRERA 5 NO. 1 - 45 BARRIO LOS PINOS,7706761,Organismos de Tránsito,BOYACA,SOGAMOSO,892115007,notificacionjudicial@sogamoso-boyaca.gov.co,2023-09-25 20:21:59.382334,2023-09-25 20:21:59.382334,NULL,15759,15759000,False,False,1,False,NULL,False,False,1,1,,False,False,,
83,"INST. DE TT0, TTE y MOVILIDAD DISTRITAL DE RIOHACHA",CARRERA 7 NO. 21-15,7279805,Organismos de Tránsito,LA GUAJIRA,RIOHACHA,891480030,notificacionesjudiciales@riohacha-laguajira.gov.co,2023-09-25 20:21:59.382334,2023-09-25 20:21:59.382334,NULL,44001,44001000,False,False,1,False,NULL,False,False,1,1,44,False,False,,
84,INSTITUTO DE MOVILIDAD DE PEREIRA,CARRERA 9 NO 37-65,3366767,Organismos de Tránsito,RISARALDA,PEREIRA,825000442,notificaciones_judicialesalcaldia@pereira.gov.co,2023-09-25 20:21:59.382,2023-09-25 20:21:59.382,NULL,66001,66001000,True,True,2,False,66001,False,False,2,2,,False,False,,
85,INSTITUTO DE TRANSITO Y TRANSPORTE DE FONSECA LA GUAJIRA,CRA 12 # 17-30,7755390,Organismos de Tránsito,LA GUAJIRA,FONSECA,806000701,notificacionjudicial@fonseca-guajira.gov.co,2023-09-25 20:21:59.382334,2023-09-25 20:21:59.382334,NULL,44279,44279000,False,False,1,False,NULL,False,False,1,1,44,False,False,,
86,INSTITUTO MUNICIPAL DE TRANSITO Y TRANSPORTE DE CLEMENCIA BOLIVAR,CARRERA 11 NO. 76 PLAZA PRINCIPAL,3212001188,Organismos de Tránsito,BOLIVAR,CLEMENCIA,800039213,ofijuridica@clemencia-bolivar.gov.co,2023-09-25 20:21:59.382334,2023-09-25 20:21:59.382334,NULL,13222,13222000,False,False,1,False,NULL,False,False,1,1,13,False,False,,
87,ITBOY - DIST DE TTO SANTA ROSA DE VITERBO,PLAZA DE MERCADO CENTRO,87860168/137 y 164 y 7450909,Organismos de Tránsito,BOYACÁ,SANTA ROSA DE VITERBO - BOYACA,891801932, secretariageneralyjuridica@santarosadeviterbo-boyaca.gov.co,2023-09-25 20:21:59.382334,2023-09-25 20:21:59.382334,NULL,15693,15693000,False,False,1,False,NULL,False,False,1,1,,False,False,,
88,ITBOY - DIST TTO No 1/COMBITA,CARRERA 2 NO.72-43 KM. 3,7451917,Organismos de Tránsito,BOYACÁ,COMBITA - BOYACA,891801268,alcaldia@combita-boyaca.gov.co,2023-09-25 20:21:59.382334,2023-09-25 20:21:59.382334,NULL,15204,15204000,False,False,1,False,NULL,False,False,1,1,,False,False,,
89,ITBOY - DIST TTO No. 10/VILLA DE LEYVA,CRA 9 N° 7 - 52 LOCAL 7 CC VILLA DE LEYVA PLAZA,87321386,Organismos de Tránsito,BOYACÁ,VILLA DE LEYVA - BOYACA,6762160, notificacionesjudiciales@villadeleyva-boyaca.gov.co,2023-09-25 20:21:59.382334,2023-09-25 20:21:59.382334,NULL,15407,15407000,False,False,1,False,NULL,False,False,1,1,,False,False,,
90,ITBOY - DIST TTO No. 11/RAMIRIQUI,TERMINAL DE TTE LOCAL 17,7327031 - 0333107805944,Organismos de Tránsito,BOYACÁ,RAMIRIQUI - BOYACA,9003314394,alcaldia@ramiriqui-boyaca.gov.co,2023-09-25 20:21:59.382334,2023-09-25 20:21:59.382334,NULL,15599,15599000,False,False,1,False,NULL,False,False,1,1,,False,False,,
91,ITBOY - DIST TTO No. 2/ NOBSA,CRA 10 CON CALLE 4 ESQUINA /B JERONIMO HOGUIN,87773019,Organismos de Tránsito,BOYACÁ,NOBSA - BOYACA,891800466,notificacionesjudiciales@nobsa-boyaca.gov.co,2023-09-25 20:21:59.382334,2023-09-25 20:21:59.382334,NULL,15491,15491000,False,False,1,False,NULL,False,False,1,1,,False,False,,
92,ITBOY - DIST TTO No. 4/SABOYA,CARRERA 9 NO. 6-58,7255439,Organismos de Tránsito,BOYACÁ,SABOYA - BOYACA,800099662,notificacionjudicial@saboya-boyaca.gov.co,2023-09-25 20:21:59.382334,2023-09-25 20:21:59.382334,NULL,15632,15632000,False,False,1,False,NULL,False,False,1,1,,False,False,,
93,ITBOY - DIST TTO No. 5/MONIQUIRA,CALLE 20 NO 2-06 BARRIO EL CAMELL0N SECTOR COLISEO,87282682,Organismos de Tránsito,BOYACÁ,MONIQUIRA - BOYACA,800013683,notificacionjudicial@moniquira-boyaca.gov.co,2023-09-25 20:21:59.382334,2023-09-25 20:21:59.382334,NULL,15469,15469000,False,False,1,False,NULL,False,False,1,1,,False,False,,
94,ITBOY - DIST TTO No. 6/GUATEQUE,CALLE 10 - CARRERA 3 A ESQUINA,382795130,Organismos de Tránsito,BOYACÁ,GUATEQUE - BOYACA,891855016,notificacionjudicial@guateque-boyaca.gov.co,2023-09-25 20:21:59.382334,2023-09-25 20:21:59.382334,NULL,15322,15322000,False,False,1,False,NULL,False,False,1,1,,False,False,,
95,ITBOY - DIST TTO No. 7/SOATA,CALLE 12 CON CRA 4 ESQUINA,87880082,Organismos de Tránsito,BOYACÁ,SOATA - BOYACA,891800498,secgobierno@soata-boyaca.gov.co,2023-09-25 20:21:59.382334,2023-09-25 20:21:59.382334,NULL,15753,15753000,False,False,1,False,NULL,False,False,1,1,,False,False,,
96,ITBOY - DIST TTO No. 9/MIRAFLORES,CALLE 3 NO 5-17 BARRIO EL CAMELLON,87331794,Organismos de Tránsito,BOYACÁ,MIRAFLORES - BOYACA,892399999,alcaldia@miraflores-boyaca.gov.co,2023-09-25 20:21:59.382334,2023-09-25 20:21:59.382334,NULL,15455,15455000,False,False,1,False,NULL,False,False,1,1,,False,False,,
97,MUNICIPIO DE LA JAGUA DE IBIRICO,CALLE 6 3A 23,5769375,Organismos de Tránsito,CESAR,LA JAGUA DE IBIRICO,892399999,juridica@lajaguadeibirico-cesar.gov.co,2023-09-25 20:21:59.382334,2023-09-25 20:21:59.382334,NULL,20400,20400000,False,False,1,False,NULL,False,False,1,1,,False,False,,
98,MUNICIPIO DE SANTA ROSA DEL SUR DE BOLIVAR,CARRERA 12A Nº 11-26,5697448,Organismos de Tránsito,BOLÍVAR,SANTA ROSA DEL SUR - BOLIVAR,829001962,notificacionjudicial@santarosadelsur-bolivar.gov.co,2023-09-25 20:21:59.382334,2023-09-25 20:21:59.382334,NULL,13688,13688000,False,False,1,False,NULL,False,False,1,1,,False,False,,
99,MUNICIPIO DE YOTOCO,CALLE 6 4 08,2523520,Organismos de Tránsito,VALLE DEL CAUCA,YOTOCO,800100531,notificacionjudicial@yotoco-valle.gov.co,2023-09-25 20:21:59.382334,2023-09-25 20:21:59.382334,NULL,76890,76890000,False,False,1,False,NULL,False,False,1,1,76,False,False,,
100,SECRETARIA DISTRITAL DE MOVILIDAD DE BOGOTA,CALLE 13 NO. 37 - 35,3649400,Organismos de Tránsito,BOGOTA D.C.,BOGOTA,899999061,judicial@movilidadbogota.gov.co,2023-09-25 20:21:59.382,2023-09-25 20:21:59.382,NULL,11001,11001000,True,True,1,False,NULL,False,False,1,1,11,True,False,,
101,SDT SUBSECRETARÍA DE MOVILIDAD RIONEGRO,CARRERA 47 NO 62-50,5313505,Organismos de Tránsito,ANTIOQUIA,RIONEGRO,800907317,juridica@rionegro.gov.co,2023-09-25 20:21:59.382,2023-09-25 20:21:59.382,NULL,5615,5615000,True,True,2,False,05615,True,False,2,2,05,False,False,,
102,SECRETARIA DE  MOVILIDAD MUNICIPAL DE CHIA,DIAGONAL 17 NO 6 -108,8638559,Organismos de Tránsito,CUNDINAMARCA,CHIA,899999172,notificacionesjudiciales@chia.gov.co,2023-09-25 20:21:59.382,2023-09-25 20:21:59.382,NULL,25175,25175000,False,False,1,False,NULL,False,False,1,1,25,False,False,,
103,SECRETARÍA DE MOVILIDAD DE MANIZALES,CARRERA 19 CALLE 21 - 02,8879725,Organismos de Tránsito,CALDAS,MANIZALES,890801052,contacto@manizales.gov.co,2023-09-25 20:21:59.382,2023-09-25 20:21:59.382,NULL,17001,17001000,True,True,2,True,17001,True,False,2,2,17,False,False,3173637142,CAROLINA CASTRO
104,SECRETARÍA DE MOVILIDAD DEL MUNICIPIO DE MOSQUERA,CLL 2 1 ESTE 25,8295469,Organismos de Tránsito,CUNDINAMARCA,MOSQUERA,899999114,notificacionesjudiciales@mosquera-cundinamarca.gov.co,2023-09-25 20:21:59.382,2023-09-25 20:21:59.382,NULL,25473,25473000,True,True,1,False,NULL,False,False,1,1,25,False,False,,
105,SECRETARIA DE TRANSITO Y TRANSPORTE MUNICIPIO DE SILVANIA,PALACIO MUNICIPAL,3183636978,Organismos de Tránsito,CUNDINAMARCA,SILVANIA,890680437,Oficinajuridica@silvania-cundinamarca.gov.co,2023-09-25 20:21:59.382334,2023-09-25 20:21:59.382334,NULL,25743,25743000,False,False,1,False,NULL,False,False,1,1,25,False,False,,
106,SECRETARIA DE TRÁNSITO-DEL MUNICIPIO DE LA MESA-CUNDINAMARCA,CALLE 8 CARRERA 21 ESQUINA,0,Organismos de Tránsito,CUNDINAMARCA,LA MESA - CUNDINAMARCA,890680026,contactenos@lamesa-cundinamarca.gov.co,2023-09-25 20:21:59.382334,2023-09-25 20:21:59.382334,NULL,25386,25386000,False,False,1,False,NULL,False,False,1,1,25,False,False,,
107,SECRETARIA DE TRANSPORTE Y MOVILIDAD DE ZIPAQUIRA,CALLE 1 # 10-04 CENTRO COMERCIAL LA CASONA PISO 3,8512064,Organismos de Tránsito,CUNDINAMARCA,ZIPAQUIRA,899999114,oficinaasesorajuridica@zipaquira-cundinamarca.gov.co,2023-09-25 20:21:59.382334,2023-09-25 20:21:59.382334,NULL,25899,25899000,False,False,1,False,NULL,False,False,1,1,25,False,False,,
108,SECRETARIA DPTAL TTOyTTE SUCRE/SAMPUES,TRANSVERSAL 21 NO. 21A-4. BARRIO EL PORVENIR,2830715,Organismos de Tránsito,SUCRE,SAMPUES - SUCRE,823000318,notificacionjudicial@sampues-sucre.gov.co,2023-09-25 20:21:59.382334,2023-09-25 20:21:59.382334,NULL,70670,70670000,False,False,1,False,NULL,False,False,1,1,,False,False,,
109,SRIA TTOyTTE MPAL VALLE GUAMUEZ/HORMIGA,CALLE 9 NO. 5-32 LAS AMERICAS SECRETARIA DE TRANSITO,4282332,Organismos de Tránsito,PUTUMAYO,VALLE DEL GUAMUEZ,800102912,juridica@valledelguamuez-putumayo.gov.co,2023-09-25 20:21:59.382334,2023-09-25 20:21:59.382334,NULL,86865,86865000,False,False,1,False,NULL,False,False,1,1,,False,False,,
110,STARIA TTO Y MOVILIDAD DEL MCPIO DE LEBRIJA,CLL 11 8 59,6567100,Organismos de Tránsito,SANTANDER,LEBRIJA,901137169,notificacionjudicial@lebrija-santander.gov.co,2023-09-25 20:21:59.382334,2023-09-25 20:21:59.382334,NULL,68406,68406000,False,False,1,False,NULL,False,False,1,1,68,False,False,,
111,STRIA DE MOVILIDAD DEL MCPIO DE GUARNE,CARRERA 50 #52-02,5510025,Organismos de Tránsito,ANTIOQUIA,GUARNE,890982055,sistemas1@inteligentesas.com,2023-09-25 20:21:59.382,2025-08-13 21:46:00.060548,NULL,5318,5318000,True,True,1,True,NULL,False,False,1,1,05,False,False,3043753514,ALVARO MEJIA
112,STRIA DE MOVILIDAD DEL MUNICIPIO DE VILLA RICA CAUCA,VILLA RICA,8486212,Organismos de Tránsito,CAUCA,VILLA RICA,890801052,oficinajuridica@villarica-cauca.gov.co,2023-09-25 20:21:59.382334,2023-09-25 20:21:59.382334,NULL,19845,19845000,False,False,1,False,NULL,False,False,1,1,,False,False,,
113,STRIA DE MOVILIDAD MPAL FUSAGASUGA,CARRERA 6 NO. 6 - 24. ALCALDIA MUNICIPAL,8868181,Organismos de Tránsito,CUNDINAMARCA,FUSAGASUGA,890680008,notificacionesjudiciales@fusagasuga-cundinamarca.gov.co,2023-09-25 20:21:59.382334,2023-09-25 20:21:59.382334,NULL,25290,25290000,False,False,1,False,NULL,False,False,1,1,25,False,False,,
114,STRIA DE TTOyTTE CAREPA,CALLE 70 CON CARRERA 80 EDIFICIO CENTRO DE ACOPIO DE TRANSPORTE DE CAREPA,8238445,Organismos de Tránsito,ANTIOQUIA,CAREPA,890985316,notificacionjudicial@carepa-antioquia.gov.co,2023-09-25 20:21:59.382334,2023-09-25 20:21:59.382334,NULL,5147,5147000,False,False,1,False,NULL,False,False,1,1,05,False,False,,
115,STRIA DE TTOyTTE CARTAGO,CALLE 10 NO. 14-131 PISO 2,2124847,Organismos de Tránsito,VALLE DEL CAUCA,CARTAGO,891900493,notificacionesjudiciales@cartago.gov.co,2023-09-25 20:21:59.382334,2023-09-25 20:21:59.382334,NULL,76147,76147000,False,False,1,False,NULL,False,False,1,1,76,False,False,,
116,STRIA DE TTOYTTE DEL MCPIO DE MARINILLA,CALLE 28B N° 34-32 PLAZA DE MERCADO,5484884,Organismos de Tránsito,ANTIOQUIA,MARINILLA,890983716,notificacionesjudiciales@marinilla-antioquia.gov.co,2023-09-25 20:21:59.382334,2023-09-25 20:21:59.382334,NULL,5440,5440000,False,False,1,False,NULL,False,False,1,1,05,False,False,,
117,STRIA DE TTOyTTE MALAMBO,CALLE 11 KRA 15 ESQUINA,3478165,Organismos de Tránsito,ATLANTICO,MALAMBO,890102006,notificaciones_judiciales@malambo-atlantico.gov.co,2023-09-25 20:21:59.382334,2023-09-25 20:21:59.382334,NULL,8433,8433000,False,False,1,False,NULL,False,False,1,1,08,False,False,,
118,STRIA DE TTOYTTE MCPAL ARMENIA,CARRERA 19A CON CALLE 26 CENTRO CULTURAL METROPOLITANO LA ESTACION,7411355,Organismos de Tránsito,QUINDIO,ARMENIA,890001639,notificacionesjudiciales@armenia.gov.co,2023-09-25 20:21:59.382334,2023-09-25 20:21:59.382334,NULL,63001,63001000,False,False,1,False,NULL,False,False,1,1,63,False,False,,
119,STRIA DE TTOyTTE MCPAL CURUMANI,CALLE 7 NO. 15 - 104. ALCALDIA MUNICIPAL,5750195,Organismos de Tránsito,CESAR,CURUMANI,892399999,juridica@curumani-cesar.gov.co,2023-09-25 20:21:59.382334,2023-09-25 20:21:59.382334,NULL,20228,20228000,False,False,1,False,NULL,False,False,1,1,,False,False,,
120,STRIA DE TTOyTTE MCPAL DE GINEBRA,CRA 3 NO 4 17,2561100,Organismos de Tránsito,VALLE DEL CAUCA,GINEBRA,800100520,notificacionjudicial@ginebra-valle.gov.co,2023-09-25 20:21:59.382334,2023-09-25 20:21:59.382334,NULL,76306,76306000,False,False,1,False,NULL,False,False,1,1,76,False,False,,
121,STRIA DE TTOyTTE MCPAL DE SAN SEBASTIAN DE MARIQUITA TOLIMA,CALLE 4 CON CARRERA 3 ESQUINA 2 PISO,2522903,Organismos de Tránsito,TOLIMA,MARIQUITA,890701342,notificacionesjuridicas@sansebastiandemariquita-tolima.gov.co,2023-09-25 20:21:59.382334,2023-09-25 20:21:59.382334,NULL,73443,73443000,False,False,1,False,NULL,False,False,1,1,,False,False,,
122,STRIA DE TTOyTTE MCPAL SAN ONOFRE,CENTRO PLAZA PRINCIP,3012324346,Organismos de Tránsito,SUCRE,SAN ONOFRE,8922005592,webmaster@sanonofre-sucre.gov.co,2023-09-25 20:21:59.382334,2023-09-25 20:21:59.382334,NULL,70713,70713000,False,False,1,False,NULL,False,False,1,1,,False,False,,
123,STRIA DE TTOyTTE MEDELLIN,CARRERA 64 C NO. 72-58 - BARRIO CARIBE - MEDELLIN,4457700,Organismos de Tránsito,ANTIOQUIA,MEDELLIN,890905211,edwin.garcia@simm.com.co,2023-09-25 20:21:59.382,2025-08-13 21:23:55.076,NULL,5001,5001000,True,True,1,True,NULL,True,False,1,1,05,False,False,3125529501,EDWIN GARCIA
124,STRIA DE TTO y TTE DE EL PASO-CESAR,CALLE 3 3 52,5530473,Organismos de Tránsito,CESAR,EL PASO,892399999,alcaldia@elpaso-cesar.gov.co,2023-09-25 20:21:59.382,2023-09-25 20:21:59.382,NULL,20250,20250000,False,False,1,True,NULL,False,False,1,1,,False,False,,
125,STRIA DE TTOyTTE TUNJA,CARRERA 9 # 20-21,7443841,Organismos de Tránsito,BOYACA,TUNJA,891800498,juridicaydefensa@tunja.gov.co,2023-09-25 20:21:59.382334,2023-09-25 20:21:59.382334,NULL,15001,15001000,False,False,1,False,NULL,False,False,1,1,,False,False,,
126,STRIA DPTAL TTEyTTO CUND/CAJICA,KM 2 VÍA CAJICÁ A ZIPAQUIRÁ VEREDA RÍO GRANDE PARQUE INDUSTRIAL Y COMERCIAL BODEGA II,8660294,Organismos de Tránsito,CUNDINAMARCA,CAJICA,899999465,sjurnotificaciones@cajica.gov.co,2023-09-25 20:21:59.382334,2023-09-25 20:21:59.382334,NULL,25126,25126001,False,False,1,False,NULL,False,False,1,1,25,False,False,,
127,STRIA DPTAL TTOyTTE CORDOBA/APARTADA,CALLE 20 CON CRA 12 ESQUINA TRONCAL DE OCCIDENTE,033-3002510401,Organismos de Tránsito,CÓRDOBA,LA APARTADA - CORDOBA,812001681,alcaldia@laapartada-cordoba.gov.co,2023-09-25 20:21:59.382334,2023-09-25 20:21:59.382334,NULL,23350,23350000,False,False,1,False,NULL,False,False,1,1,,False,False,,
128,STRIA DPTAL TTOyTTE CORDOBA/CHINU,CALLE 27 NO 3-28 PISO 2 AL 8 Y CRA 13 NO 15-60 CARRETERA CENTRAL HINÚ CÓRDOBA,PBX: 7926297 30141003299,Organismos de Tránsito,CÓRDOBA,CHINU - CORDOBA,800096753,notificacionjudicial@chinu-cordoba.gov.co,2023-09-25 20:21:59.382334,2023-09-25 20:21:59.382334,NULL,23182,23182000,False,False,1,False,NULL,False,False,1,1,,False,False,,
129,STRIA DTAL TTO BARRANQUILLA,CARRERA 38 NO. 72 - 109,3694906,Organismos de Tránsito,ATLÁNTICO,BARRANQUILLA - ATLANTICO,890102018,notijudiciales@barranquilla.gov.co,2023-09-25 20:21:59.382,2023-09-25 20:21:59.382,NULL,08001,08001000,True,True,1,False,NULL,False,False,1,1,,True,False,,
130,STRIA GOB TTOyTTE MELGAR,CALLE 6 CARRERA 22 ESQUINA,2452625,Organismos de Tránsito,TOLIMA,MELGAR,890706847,juridica@melgar-tolima.gov.co,2023-09-25 20:21:59.382334,2023-09-25 20:21:59.382334,NULL,73449,73449000,False,False,1,False,NULL,False,False,1,1,,False,False,,
131,STRIA INFR PROD TTOyTTE MPAL GUADALUPE,CALLE 3 NO 6 - 55 BARRIO INDUSTRIAL,8321383,Organismos de Tránsito,HUILA,GUADALUPE,891180177,notificacionjudicial@guadalupe-huila.gov.co,2023-09-25 20:21:59.382334,2023-09-25 20:21:59.382334,NULL,41319,41319000,False,False,1,False,NULL,False,False,1,1,41,False,False,,
132,SECRETARIA DE MOVILIDAD DE NEIVA,CENTRO MINORISTA MERCA NEIVA KM 3 VIA AL SUR,8702911,Organismos de Tránsito,HUILA,NEIVA,891180009,notificaciones@alcaldianeiva.gov.co,2023-09-25 20:21:59.382334,2023-09-25 20:21:59.382334,NULL,41001,41001000,False,False,1,False,NULL,False,False,1,1,41,False,False,,
133,STRIA MCPAL  TTOyTTE CHIQUINQUIRÁ,CALLE 17 7A -48 ALCALDIA MUNICIPAL TERCER PISO,7262572,Organismos de Tránsito,BOYACA,CHIQUINQUIRA,891800475,notificacionjudicial@chiquinquira-boyaca.gov.co,2023-09-25 20:21:59.382334,2023-09-25 20:21:59.382334,NULL,15176,15176000,False,False,1,False,NULL,False,False,1,1,,False,False,,
134,STRIA MCPAL DE SOACHA,CLL 13 7 - 30,5755700,Organismos de Tránsito,CUNDINAMARCA,SOACHA,899999114,contactenos@alcaldiasoacha.gov.co,2023-09-25 20:21:59.382334,2023-09-25 20:21:59.382334,NULL,25754,25754000,False,False,1,False,NULL,False,False,1,1,25,False,False,,
135,STRIA MCPAL TTEyTTO APARTADO,CARRERA 100 NO 103A - 02 CENTRO ADMINISTRATIVO,3126400 EXT 105,Organismos de Tránsito,ANTIOQUIA,APARTADO,890980095,notificaciones_judiciales@apartado.gov.co,2023-09-25 20:21:59.382334,2023-09-25 20:21:59.382334,NULL,5045,5045000,False,False,1,False,NULL,False,False,1,1,05,False,False,,
136,STRIA MCPAL TTEyTTO ARJONA,VIA LA TRONCAL DE OCCIDENTE CARRERA 47ª NO. 50 - 20 SAN JOSE DE TURBAQUITO,6292836,Organismos de Tránsito,BOLIVAR,ARJONA,890480254,notificacionjudicial@arjona-bolivar.gov.co,2023-09-25 20:21:59.382334,2023-09-25 20:21:59.382334,NULL,13052,13052000,False,False,1,False,NULL,False,False,1,1,13,False,False,,
137,STRIA MCPAL TTEyTTO MONTERIA,CALLE 56 NO 61-74. PISO 2,7919802,Organismos de Tránsito,CORDOBA,MONTERIA,800096734,atencionalciudadano@alcaldiamonteria.gov.co,2023-09-25 20:21:59.382334,2023-09-25 20:21:59.382334,NULL,23001,23001000,False,False,1,False,NULL,False,False,1,1,,False,False,,
138,STRIA MCPAL TTEyTTO PLANETA RICA,CALLE 22 CON CARRERA 10 ESQUINA,7768203,Organismos de Tránsito,CORDOBA,PLANETA RICA,800096765,notificacionjudicial@planetarica-cordoba.gov.co,2023-09-25 20:21:59.382334,2023-09-25 20:21:59.382334,NULL,23555,23555000,False,False,1,False,NULL,False,False,1,1,,False,False,,
139,STRIA MCPAL TTEyTTO SINCELEJO,CARRERA 4 # 13-86,2823793,Organismos de Tránsito,SUCRE,SINCELEJO,800104062,contactenos@sincelejo.gov.co,2023-09-25 20:21:59.382334,2023-09-25 20:21:59.382334,NULL,70001,70001000,False,False,1,False,NULL,False,False,1,1,,False,False,,
140,STRIA MCPAL TTO CALI,CARRERA 3 NO. 56-90 BARRIO SALOMIA BLOQUE DESPACHO SECRETARIO DE TRANSITO,4184215,Organismos de Tránsito,VALLE DEL CAUCA,CALI,890399011,notificacionesjudiciales@cali.gov.co,2023-09-25 20:21:59.382334,2023-09-25 20:21:59.382334,NULL,76001,76001000,False,False,1,False,NULL,False,False,1,1,76,False,False,,
141,STRIA MCPAL TTO GRANADA,CALLE 12 # 15-19 BARRIO BELÉN,6500004,Organismos de Tránsito,META,GRANADA,892099243,notificacionesjudiciales@granada-meta.gov.co,2023-09-25 20:21:59.382334,2023-09-25 20:21:59.382334,NULL,50313,50313000,False,False,1,False,NULL,False,False,1,1,50,False,False,,
142,STRIA MCPAL TTOyTTE BOSCONIA,CARRERA 18 - CENTRO ADMINISTRATIVO MUNICIPAL DE BOSCONIA,5779731,Organismos de Tránsito,CESAR,BOSCONIA,892301130,notificacionjudicial@bosconia-cesar.gov.co,2023-09-25 20:21:59.382334,2023-09-25 20:21:59.382334,NULL,20060,20060000,False,False,1,False,NULL,False,False,1,1,,False,False,,
143,STRIA MCPAL TTOyTTE CAICEDONIA,PARQUE AGROINDUSTRIAL - VIA CAICEDONIA SEVILLA,2164445,Organismos de Tránsito,VALLE DEL CAUCA,CAICEDONIA,891900660,notificacionjudicial@caicedonia-valle.gov.co,2023-09-25 20:21:59.382334,2023-09-25 20:21:59.382334,NULL,76122,76122000,False,False,1,False,NULL,False,False,1,1,76,False,False,,
144,STRIA MCPAL TTOyTTE CHINCHINA,CARRERA 8 CALLE 11 ESQUINA - PALACIO MUNICIPAL,8504465,Organismos de Tránsito,CALDAS,CHINCHINA,901004855,notificacionjudicial@chinchina-caldas.gov.co,2023-09-25 20:21:59.382334,2023-09-25 20:21:59.382334,NULL,17174,17174000,False,False,1,False,NULL,False,False,1,1,17,False,False,,
145,STRIA MCPAL TTOyTTE DOSQUEBRADAS,CARRERA 16 NO. 36-44,3320564,Organismos de Tránsito,RISARALDA,DOSQUEBRADAS,800099310,demandas@dosquebradas.gov.co,2023-09-25 20:21:59.382334,2023-09-25 20:21:59.382334,NULL,66170,66170000,False,False,1,False,NULL,False,False,1,1,,False,False,,
146,STRIA MCPAL TTOyTTE DUITAMA,DIAGONAL 18 NO. 20 - 57,7630517,Organismos de Tránsito,BOYACA,DUITAMA,891855138,notificacionesjudiciales@duitama-boyaca.gov.co,2023-09-25 20:21:59.382334,2023-09-25 20:21:59.382334,NULL,15238,15238000,False,False,1,False,NULL,False,False,1,1,,False,False,,
147,STRIA MCPAL TTOyTTE EL CERRITO,CALLE 6 NO. 10-53,2571922,Organismos de Tránsito,VALLE DEL CAUCA,EL CERRITO,800100533,notificacionjudicial@elcerrito-valle.gov.co,2023-09-25 20:21:59.382334,2023-09-25 20:21:59.382334,NULL,76248,76248000,False,False,1,False,NULL,False,False,1,1,76,False,False,,
148,STRIA MCPAL TTOyTTE ESPINAL,CALLE 8 NO. 6-15 - ALCALDIA MUNICIPAL,2390314,Organismos de Tránsito,TOLIMA,ESPINAL,890702027,notificacionjudicial@elespinal-tolima.gov.co,2023-09-25 20:21:59.382334,2023-09-25 20:21:59.382334,NULL,73268,73268000,False,False,1,False,NULL,False,False,1,1,,False,False,,
149,STRIA MCPAL TTOyTTE GALAPA,BANDA IZQUIERDA CARRETERA LA CORDIALIDAD VIA GALAPA PARQUE INDUSTRIAL LOS VOLCANES LOCAL 3,3823373,Organismos de Tránsito,ATLANTICO,GALAPA,890102472,notificacionesjudiciales@galapa-atlantico.gov.co,2023-09-25 20:21:59.382334,2023-09-25 20:21:59.382334,NULL,8296,8296000,False,False,1,False,NULL,False,False,1,1,08,False,False,,
150,STRIA MCPAL TTOyTTE GARZON,CENTRO COMERCIAL PASEO DEL ROSARIO LOCAL 1 NO 055,8333383,Organismos de Tránsito,HUILA,GARZON,800103913,notificacionjudicial@garzon-huila.gov.co,2023-09-25 20:21:59.382334,2023-09-25 20:21:59.382334,NULL,41298,41298000,False,False,1,False,NULL,False,False,1,1,41,False,False,,
151,STRIA MCPAL TTOyTTE GIRON,CALLE 58 4-71 URBA. VEGAS VILLAMIZAR A 300 MTS DE CENFER EJE VIAL GIRON,6917272,Organismos de Tránsito,SANTANDER,GIRON,890204802,notificacionjudicial@giron-santander.gov.co,2023-09-25 20:21:59.382334,2023-09-25 20:21:59.382334,NULL,68307,68307000,False,False,1,False,NULL,False,False,1,1,68,False,False,,
152,STRIA MCPAL TTOyTTE HONDA,CALLE 23 CARRERA 14 TERMINAL DE TRANSPORTE LOCAL 4 - 5,2513171,Organismos de Tránsito,TOLIMA,HONDA,800100058,notificaciones.judiciales@tolima.gov.co,2023-09-25 20:21:59.382334,2023-09-25 20:21:59.382334,NULL,73349,73349000,False,False,1,False,NULL,False,False,1,1,,False,False,,
153,STRIA MCPAL TTOyTTE IBAGUE,CARRERA 23 # 87-08 PARQUE INDUSTRIAL Y DE SERVICIOS PLUS +,2669329,Organismos de Tránsito,TOLIMA,IBAGUE,80013389,notificaciones.judiciales@tolima.gov.co,2023-09-25 20:21:59.382334,2023-09-25 20:21:59.382334,NULL,73001,73001000,False,False,1,False,NULL,False,False,1,1,,False,False,,
154,STRIA MCPAL TTOyTTE LA PLATA,KILOMETRO 1 VIA LA PLATA - NEIVA PARADOR TERMINAL DE TRANSPORTE,8372955,Organismos de Tránsito,HUILA,LA PLATA,800007652,notificacionjudicial@laplata-huila.gov.co,2023-09-25 20:21:59.382334,2023-09-25 20:21:59.382334,NULL,41396,41396000,False,False,1,False,NULL,False,False,1,1,41,False,False,,
155,STRIA MCPAL TTOyTTE LA VIRGINIA,TRANSVERSAL 9 CALLE 10 ESQUINA PARQUE LOS FUNDADORES PISO 2,3682208,Organismos de Tránsito,RISARALDA,LA VIRGINIA,891180155,notificacionjudicial@lavirginia-risaralda.gov.co,2023-09-25 20:21:59.382334,2023-09-25 20:21:59.382334,NULL,66400,66400000,False,False,1,False,NULL,False,False,1,1,,False,False,,
156,STRIA MCPAL TTOyTTE PAMPLONA,CARRERA 6 CALLE 5 ESQUINA PALACIO MUNICIPAL,5680501,Organismos de Tránsito,NORTE DE SANTANDER,PAMPLONA,891480027,contactenos@pamplona-nortedesantander.gov.co,2023-09-25 20:21:59.382334,2023-09-25 20:21:59.382334,NULL,54518,54518000,False,False,1,False,NULL,False,False,1,1,,False,False,,
157,STRIA MCPAL TTOyTTE PUERTO COLOMBIA,PROLONGACIÓN CARRERA 30 CORREDOR UNIVERSITARIO ESTACIÓN DE SERVICIO PAPIROS PARKING 2 PISO 2,3097029,Organismos de Tránsito,ATLÁNTICO,PUERTO COLOMBIA - ATLANTICO,800094396,notificacionesjudiciales@puertocolombia-atlantico.gov.co,2023-09-25 20:21:59.382334,2023-09-25 20:21:59.382334,NULL,08573,08573000,False,False,1,False,NULL,False,False,1,1,,False,False,,
158,STRIA MOV MCPAL SUPIA/CALDAS,CALLE 32 NUMERO 6-11,8560215,Organismos de Tránsito,CALDAS,SUPIA,890801150,alcaldia@supia-caldas.gov.co,2023-09-25 20:21:59.382334,2023-09-25 20:21:59.382334,NULL,17777,17777000,False,False,1,False,NULL,False,False,1,1,17,False,False,,
159,STRIA MOVyTTE DPTAL VALLE DEL CAUCA/ALCALA,CL 9 CON CL 8,6200197,Organismos de Tránsito,VALLE DEL CAUCA,"BOGOTA, D.C. - BOGOTA / ALCALÁ",,,2023-09-25 20:21:59.382,2023-09-25 20:21:59.382,NULL,76020,76020000,False,False,1,False,NULL,False,False,1,1,76,True,False,,
160,STRIA MOVyTTE DPTAL VALLE DEL CAUCA/ANSERMANUEVO,CALLE 6 # 7 -44,76041001,Organismos de Tránsito,VALLE DEL CAUCA,ANSERMANUEVO - VALLE DEL CAUCA,800100532,notificacionjudicial@ansermanuevo-valle.gov.co,2023-09-25 20:21:59.382334,2023-09-25 20:21:59.382334,NULL,76041,76041000,False,False,1,False,NULL,False,False,1,1,76,False,False,,
161,STRIA MOVyTTE DPTAL VALLE DEL CAUCA/BOLIVAR,CALLE 7 N° 4-13,3188346029,Organismos de Tránsito,VALLE DEL CAUCA,BOLIVAR - VALLE DEL CAUCA,891900945,notificacionjudicial@bolivar-valle.gov.co,2023-09-25 20:21:59.382334,2023-09-25 20:21:59.382334,NULL,76100,76100000,False,False,1,False,NULL,False,False,1,1,76,False,False,,
162,STRIA MOVyTTE DPTAL VALLE DEL CAUCA/BUGALAGRANDE,CARRERA 5 NO 3 - 63 BARRIO CENTRO,833373,Organismos de Tránsito,VALLE DEL CAUCA,BUGALAGRANDE - VALLE DEL CAUCA,891900253,juridico@bugalagrande-valle.gov.co,2023-09-25 20:21:59.382334,2023-09-25 20:21:59.382334,NULL,76113,76113000,False,False,1,False,NULL,False,False,1,1,76,False,False,,
163,STRIA MOVyTTE DPTAL VALLE DEL CAUCA/DAGUA,CRA 9 N° 9-67,3128754126,Organismos de Tránsito,VALLE DEL CAUCA,DAGUA - VALLE DEL CAUCA,800100514,contactenos@dagua-valle.gov.co,2023-09-25 20:21:59.382334,2023-09-25 20:21:59.382334,NULL,76233,76233000,False,False,1,False,NULL,False,False,1,1,76,False,False,,
164,STRIA MOVyTTO OCAÑA,AVENIDA CIRCUNVALAR CARRERA 11 # 19-332,3017541754,Organismos de Tránsito,NORTE DE SANTANDER,OCAÑA,890501102,notificacionjudicial@ocana-nortedesantander.gov.co,2023-09-25 20:21:59.382334,2023-09-25 20:21:59.382334,NULL,54498,54498000,False,False,1,False,NULL,False,False,1,1,,False,False,,
165,STRIA MOVyTTO QUIBDO,CALLE 30 DIAGONAL CEMENTERIO SAN JOSE,6717164,Organismos de Tránsito,CHOCO,QUIBDO,891680011,notificacionesjudiciales@quibdo-choco.gov.co,2023-09-25 20:21:59.382334,2023-09-25 20:21:59.382334,NULL,27001,27001000,False,False,1,False,NULL,False,False,1,1,,False,False,,
166,STRIA TT0yTTE MCPAL TUQUERRES,CARRERA 14 CALLE 16 PALACIO MUNICIPAL,7281301,Organismos de Tránsito,NARINO,TUQUERRES,814000421,juridica@tuquerres-narino.gov.co,2023-09-25 20:21:59.382334,2023-09-25 20:21:59.382334,NULL,52838,52838000,False,False,1,False,NULL,False,False,1,1,,False,False,,
167,STRIA TTEy MOV CUND/ARBELAEZ,CL 8 N 8 05,6171914,Organismos de Tránsito,CUNDINAMARCA,ARBELAEZ - CUNDINAMARCA,800093386,notificacionjudicial@arbelaez-cundinamarca.gov.co,2023-09-25 20:21:59.382334,2023-09-25 20:21:59.382334,NULL,25053,25053000,False,False,1,False,NULL,False,False,1,1,25,False,False,,
168,STRIA TTEy MOV CUND/CAQUEZA,AVENIDA 5 FRENTE AL HOSPITAL,8480357,Organismos de Tránsito,CUNDINAMARCA,CAQUEZA - CUNDINAMARCA,899999462,notificacionjudicial@caqueza-cundinamarca.gov.co,2023-09-25 20:21:59.382334,2023-09-25 20:21:59.382334,NULL,25151,25151000,False,False,1,False,NULL,False,False,1,1,25,False,False,,
169,STRIA TTEy MOV CUND/SIBATE,CARRERA 6 NO. 8-64 ANTIGUA CASA DE LA CULTURA,7251633,Organismos de Tránsito,CUNDINAMARCA,SIBATE,899999372,notificacionesjudicialessibate@cundinamarca.gov.co,2023-09-25 20:21:59.382334,2023-09-25 20:21:59.382334,NULL,25740,25740001,False,False,1,False,NULL,False,False,1,1,25,False,False,,
170,STRIA TTEyMOV CUND/CHOCONTA,CALLE 6 NO. 6 - 32,,Organismos de Tránsito,CUNDINAMARCA,CHOCONTA - CUNDINAMARCA,899999357,contactenos@choconta-cundinamarca.gov.co,2023-09-25 20:21:59.382334,2023-09-25 20:21:59.382334,NULL,25183,25183000,False,False,1,False,NULL,False,False,1,1,25,False,False,,
171,STRIA TTEyMOV CUND/EL ROSAL,CALLE 10 NO. 9 - 01,8240180,Organismos de Tránsito,CUNDINAMARCA,EL ROSAL - CUNDINAMARCA,832002318,notificacionjudicial@elrosal-cundinamarca.gov.co,2023-09-25 20:21:59.382334,2023-09-25 20:21:59.382334,NULL,25260,25260000,False,False,1,False,NULL,False,False,1,1,25,False,False,,
172,STRIA TTOyTTE MCPAL LA CALERA/CUND,CARRERA 2 NO. 10 A 15,8601595,Organismos de Tránsito,CUNDINAMARCA,LA CALERA,899999712,utmtgerencia.lacalera@gmail.com,2023-09-25 20:21:59.382,2025-08-13 21:28:12.538,NULL,25377,25377000,True,True,1,True,NULL,True,False,1,1,25,False,False,3125290160,yenny cuervo
173,STRIA TTEyMOV CUND/PUERTO SALGAR,CARRERA 14 NO11/85,3182529571,Organismos de Tránsito,CUNDINAMARCA,PUERTO SALGAR - CUNDINAMARCA,899999413,asesorjuridico@puertosalgar-cundinamarca.gov.co,2023-09-25 20:21:59.382334,2023-09-25 20:21:59.382334,NULL,25572,25572000,False,False,1,False,NULL,False,False,1,1,25,False,False,,
174,STRIA TTEyMOV CUND/RICAURTE,CARRERA 15 NO. 6-109,8366593,Organismos de Tránsito,CUNDINAMARCA,RICAURTE,890680059,notificacionjudicial@ricaurte-cundinamarca.gov.co,2023-09-25 20:21:59.382,2023-09-25 20:21:59.382,NULL,25612,25612001,False,False,1,False,NULL,False,False,1,1,25,False,False,,
175,STRIA TTEyMOV CUND/VILLETA,CALLE 1 CANCHA MUNICIPAL,8444721,Organismos de Tránsito,CUNDINAMARCA,VILLETA - CUNDINAMARCA,899999312,notificacionesjudiciales@villeta-cundinamarca.gov.co,2023-09-25 20:21:59.382334,2023-09-25 20:21:59.382334,NULL,25875,25875000,False,False,1,False,NULL,False,False,1,1,25,False,False,,
177,STRIA TTEyTTO ANSERMA,PALACIO MUNICIPAL CALLE 7 ENTRE 4 Y 5,85344979,Organismos de Tránsito,CALDAS,ANSERMA,890801139,contactenos@anserma-caldas.gov.co,2023-09-25 20:21:59.382334,2023-09-25 20:21:59.382334,NULL,17042,17042000,False,False,1,False,NULL,False,False,1,1,17,False,False,,
179,STRIA TTEyTTO COPACABANA,CALLE 50 # 53-46,4532584,Organismos de Tránsito,ANTIOQUIA,COPACABANA,890980767,contactenos@copacabana.gov.co,2023-09-25 20:21:59.382334,2023-09-25 20:21:59.382334,NULL,5212,5212000,False,False,1,False,NULL,False,False,1,1,05,False,False,,
180,STRIA TTEyTTO ENVIGADO,CALLE 49 SUR NO. 48-28 - AVENIDA LAS VEGAS,3394088,Organismos de Tránsito,ANTIOQUIA,ENVIGADO,890907106,jose.cano@envigado.gov.co,2023-09-25 20:21:59.382,2025-08-13 21:21:18.024,NULL,5266,5266000,True,True,1,True,05266,True,False,1,1,05,False,False,3128916869,JOSE CANO
181,STRIA TTEyTTO GIRARDOTA,KM 25 CENTRO INDUSTRIAL DEL NORTE LOCAL 201,4052540,Organismos de Tránsito,ANTIOQUIA,GIRARDOTA,890980807,notificaciones.judiciales@girardota.gov.co,2023-09-25 20:21:59.382334,2023-09-25 20:21:59.382334,NULL,5308,5308000,False,False,1,False,NULL,False,False,1,1,05,False,False,,
182,STRIA TTEyTTO ITAGUI,CALLE 50 NO. 43-34,3718014,Organismos de Tránsito,ANTIOQUIA,ITAGUI,890980093,notificaciones@itagui.gov.co,2023-09-25 20:21:59.382334,2023-09-25 20:21:59.382334,NULL,5360,5360000,False,False,1,False,NULL,False,False,1,1,05,False,False,,
183,STRIA TTEyTTO MCPAL AGUSTIN CODAZZI,CALLE 26 CARRERA 16 TERMINAL DE TRANSPORTE PRIMER PISO,5766070,Organismos de Tránsito,CESAR,AGUSTIN CODAZZI,8000096558,notificacionjudicial@agustincodazzi-cesar.gov.co,2023-09-25 20:21:59.382334,2023-09-25 20:21:59.382334,NULL,20013,20013000,False,False,1,False,NULL,False,False,1,1,,False,False,,
184,STRIA TTEyTTO MCPAL CALDAS/ANTIOQUIA,CARRERA 48 # 129 SUR - 59,3037585 EXT 111,Organismos de Tránsito,ANTIOQUIA,CALDAS,890980447,asistenteadmsatt@gmail.com,2023-09-25 20:21:59.382,2025-08-13 21:33:31.693418,NULL,5129,5129000,True,True,1,True,NULL,True,True,1,1,05,False,False,3113576197,JIMENA LOAIZA
185,STRIA TTEyTTO MCPAL FRONTINO,CALLE 30 NO. 30-04. PALACIO MUNICIPAL,8595288,Organismos de Tránsito,ANTIOQUIA,FRONTINO,8909837068,gobierno@frontino-antioquia.gov.co,2023-09-25 20:21:59.382334,2023-09-25 20:21:59.382334,NULL,5284,5284000,False,False,1,False,NULL,False,False,1,1,05,False,False,,
186,STRIA TTEyTTO MCPAL SANTA FE ANTIOQUIA,CALLE 9 # 8-34,8533745,Organismos de Tránsito,ANTIOQUIA,SANTAFE DE ANTIOQUIA,9014400339,asistenteadmsatt@gmail.com,2023-09-25 20:21:59.382,2025-08-13 21:39:32.485549,NULL,5042,5042000,True,True,1,True,NULL,False,True,1,1,05,False,False,3113576197,JIMENA LOAIZA
187,STRIA TTEyTTO MCPAL TUMACO,CIUDADELA VIA TUMACO-PASTO.,7271803,Organismos de Tránsito,NARINO,TUMACO,800179870,notificacionesjudiciales@tumaco-narino.gov.co,2023-09-25 20:21:59.382334,2023-09-25 20:21:59.382334,NULL,52835,52835000,False,False,1,False,NULL,False,False,1,1,,False,False,,
188,SECRETARIA DE MOVILIDAD DE YARUMAL,CARRERA 22 NO. 20-16,8537722,Organismos de Tránsito,ANTIOQUIA,YARUMAL,8909052064,asistenteadmsatt@gmail.com,2023-09-25 20:21:59.382,2025-08-13 21:41:42.359571,NULL,5887,5887000,True,True,1,True,NULL,False,False,1,1,05,False,False,3113576197,JIMENA LOAIZA
189,STRIA TTO DPTAL NTE SANTANDER/EL ZULIA,AVENIDA 2 NO 5-80 BARRIO EL CENTRO ZULIA,5789655,Organismos de Tránsito,NORTE DE SANTANDER,EL ZULIA - N. DE SANTANDER,901474616,notificacionjudicial@elzulia-nortedesantander.gov.co,2023-09-25 20:21:59.382334,2023-09-25 20:21:59.382334,NULL,54261,54261000,False,False,1,False,NULL,False,False,1,1,,False,False,,
190,STRIA TTO MCPAL FACATATIVA,CARRERA 2 NO. 2 - 89 ANTIGUA CAMARA DE COMERCIO,8426124,Organismos de Tránsito,CUNDINAMARCA,FACATATIVA,899999328,notificacionjudicial@facatativa-cundinamarca.gov.co,2023-09-25 20:21:59.382334,2023-09-25 20:21:59.382334,NULL,25269,25269000,False,False,1,False,NULL,False,False,1,1,25,False,False,,
191,STRIA TTO MCPAL LA UNION,CALLE 15 NO. 14-34. ALCALDIA MUNICIPAL,2293118,Organismos de Tránsito,VALLE DEL CAUCA,LA UNION,891901109,notificacionjudicial@launion-valle.gov.co,2023-09-25 20:21:59.382334,2023-09-25 20:21:59.382334,NULL,76400,76400000,False,False,1,False,NULL,False,False,1,1,76,False,False,,
192,STRIA TTO MCPAL PATIA,CARRERA 3 NO. 4-67 ESQUINA,8261024,Organismos de Tránsito,CAUCA,PATIA,891502194,notificacionesjudiciales@patia-cauca.gov.co,2023-09-25 20:21:59.382334,2023-09-25 20:21:59.382334,NULL,19532,19532000,False,False,1,False,NULL,False,False,1,1,,False,False,,
193,STRIA TTO MCPAL PUERTO TEJADA,CARRERA 19 CALLE 17 ESQUINA ALCALDIA MUNICIPAL,8283060,Organismos de Tránsito,CAUCA,PUERTO TEJADA,9006624054,notificacionesjudiciales@puertotejada.gov.co,2023-09-25 20:21:59.382334,2023-09-25 20:21:59.382334,NULL,19573,19573000,False,False,1,False,NULL,False,False,1,1,,False,False,,
194,STRIA TTO MCPAL SANTA ROSA DE OSOS,CARRERA 28A N 32-17 TERMINAL DE TRANSPORTE TERCER PISO,8609785,Organismos de Tránsito,ANTIOQUIA,SANTA ROSA DE OSOS,890981554,alcaldia@santarosadeosos.gov.co,2023-09-25 20:21:59.382334,2023-09-25 20:21:59.382334,NULL,5686,5686000,False,False,1,False,NULL,False,False,1,1,05,False,False,,
195,STRIA TTO MCPAL TULUA,CRA 30 VÍA PRINCIPAL COLISEO MANUEL VICTORIA ROJAS,2320061,Organismos de Tránsito,VALLE DEL CAUCA,TULUA,891900272,juridico@tulua.gov.co,2023-09-25 20:21:59.382334,2023-09-25 20:21:59.382334,NULL,76834,76834000,False,False,1,False,NULL,False,False,1,1,76,False,False,,
196,STRIA TTO y GOB MCPAL SANTA ROSA CABAL,CARRERA 14 CALLE 12 ESQUINA CAM 2 PISO,3660600,Organismos de Tránsito,RISARALDA,SANTA ROSA DE CABAL,891480033,notificacionjudicial@santarosadecabal-risaralda.gov.co,2023-09-25 20:21:59.382334,2023-09-25 20:21:59.382334,NULL,66682,66682000,False,False,1,False,NULL,False,False,1,1,,False,False,,
197,STRIA TTO Y TTE MCPAL DE SABANALARGA,CLL 21 18 46,780462,Organismos de Tránsito,ATLANTICO,SABANALARGA,800094844,notificacionjudicial@sabanalarga-atlantico.gov.co,2023-09-25 20:21:59.382334,2023-09-25 20:21:59.382334,NULL,8638,8638000,False,False,1,False,NULL,False,False,1,1,08,False,False,,
198,STRIA TTOyMOV MCPAL VILLANUEVA,CALLE 8 NO 13 - 35 BARRIO FUNDADORES,6241204,Organismos de Tránsito,CASANARE,VILLANUEVA,892099475,notificacionjudicial@villanueva-casanare.gov.co,2023-09-25 20:21:59.382334,2023-09-25 20:21:59.382334,NULL,85440,85440000,False,False,1,False,NULL,False,False,1,1,,False,False,,
199,STRIA TTOyMOV PIEDECUESTA/SANTANDER,AUTOPISTA BUCARAMANGA PIEDECUESTA FRENTE AL ICP,6563146,Organismos de Tránsito,SANTANDER,PIEDECUESTA,890205383,coordinacionsitm1@gmail.com,2023-09-25 20:21:59.382,2025-08-13 21:58:38.061464,NULL,68547,68547000,True,True,1,True,NULL,False,True,1,1,68,False,False,3153936324,ANGELA MIREYA
200,STRIA TTOyTTE ANDALUCIA,CARRERA 4 CON CALLE 12-ESQUINA,2235168,Organismos de Tránsito,VALLE DEL CAUCA,ANDALUCIA,891900443,notificacionjudicial@andalucia-valle.gov.co,2023-09-25 20:21:59.382334,2023-09-25 20:21:59.382334,NULL,76036,76036000,False,False,1,False,NULL,False,False,1,1,76,False,False,,
201,STRIA TTOYTTE CAUCASIA,CALLE 21 AVENIDA EL PAJONAL CAUCASIA,8392473,Organismos de Tránsito,ANTIOQUIA,CAUCASIA,890906445,notificacionesjudiciales@caucasia-antioquia.gov.co,2023-09-25 20:21:59.382334,2023-09-25 20:21:59.382334,NULL,5154,5154000,False,False,1,False,NULL,False,False,1,1,05,False,False,,
202,STRIA TTOyTTE DEL MCPIO DEL BAGRE,CARRERA 49 48 55 BRR BIJAO,3122754290,Organismos de Tránsito,ANTIOQUIA,EL BAGRE,9003867388,alcaldia@elbagre-antioquia.gov.co,2023-09-25 20:21:59.382334,2023-09-25 20:21:59.382334,NULL,5250,5250000,False,False,1,False,NULL,False,False,1,1,05,False,False,,
203,STRIA TTOyTTE DPTAL TANGUA/NARIÑO,EDIFICIO PALACIO MUNICIPAL - BARRIO LOS ANDES,7235002,Organismos de Tránsito,NARINO,TANGUA,800099151,contactenos@tangua-narino.gov.co,2023-09-25 20:21:59.382334,2023-09-25 20:21:59.382334,NULL,52788,52788000,False,False,1,False,NULL,False,False,1,1,,False,False,,
204,STRIA TTOyTTE EL SANTUARIO,CARRERA 42 NO. 49-107,4602240,Organismos de Tránsito,ANTIOQUIA,EL SANTUARIO,890983813,notificacionesjudiciales@elsantuario-antioquia.gov.co,2023-09-25 20:21:59.382334,2023-09-25 20:21:59.382334,NULL,5697,5697000,False,False,1,False,NULL,False,False,1,1,05,False,False,,
205,STRIA TTOyTTE FLORIDA,PLAZA PRINCIPAL CALLE 8 NO. CARRERA 19-27,2538580,Organismos de Tránsito,VALLE DEL CAUCA,FLORIDA,800100519,juridica@florida-valle.gov.co,2023-09-25 20:21:59.382334,2023-09-25 20:21:59.382334,NULL,76275,76275000,False,False,1,False,NULL,False,False,1,1,76,False,False,,
206,STRIA TTOyTTE MCPAL AMALFI,CALLE 20 NO 20 -52 PALACIO MUNICIPAL,8300247,Organismos de Tránsito,ANTIOQUIA,AMALFI,890981518,notificacionesjudiciales@amalfi-antioquia.gov.co,2023-09-25 20:21:59.382334,2023-09-25 20:21:59.382334,NULL,5031,5031000,False,False,1,False,NULL,False,False,1,1,05,False,False,,
207,STRIA TTOyTTE MCPAL BOLIVAR,CALLE 6 NO. 6-28. PARQUE LOS FUNDADORES,8272383,Organismos de Tránsito,CAUCA,BOLIVAR,800095961,contactenos@bolivar-cauca.gov.co,2023-09-25 20:21:59.382334,2023-09-25 20:21:59.382334,NULL,19100,19100000,False,False,1,False,NULL,False,False,1,1,,False,False,,
208,STRIA TTOyTTE MCPAL BUENAVENTURA,CALLE LA VICTORIA CARRERA 10 NO. 5A-12.,2433354,Organismos de Tránsito,VALLE DEL CAUCA,BUENAVENTURA,890399045,notificaciones_judiciales@buenaventura.gov.co,2023-09-25 20:21:59.382334,2023-09-25 20:21:59.382334,NULL,76109,76109000,False,False,1,False,NULL,False,False,1,1,76,False,False,,
209,STRIA TTOyTTE MCPAL CALOTO,CALLE 12 NO. 5 - 46,8258337,Organismos de Tránsito,CAUCA,CALOTO,891501292,contactenos@caloto-cauca.gov.co,2023-09-25 20:21:59.382334,2023-09-25 20:21:59.382334,NULL,19142,19142000,False,False,1,False,NULL,False,False,1,1,,False,False,,
210,STRIA TTOyTTE MCPAL CANDELARIA,CALLE 9 CARRERA 8 ESQUINA ALCALDIA MUNICIPAL,2646344,Organismos de Tránsito,VALLE DEL CAUCA,CANDELARIA,891380038,contactenos@candelaria-valle.gov.co,2023-09-25 20:21:59.382334,2023-09-25 20:21:59.382334,NULL,76130,76130000,False,False,1,False,NULL,False,False,1,1,76,False,False,,
211,STRIA TTOyTTE MCPAL CHACHAGUI NARIÑO,CALLE 3 # 4-60 BARRIO OFICIAL PLAZA PRINCIPAL MUNICIPIO DE NARIÑO,1111111,Organismos de Tránsito,NARINO,CHACHAGUI,800199959,notificacionjudicial@chachagui-narino.gov.co,2023-09-25 20:21:59.382334,2023-09-25 20:21:59.382334,NULL,52240,52240000,False,False,1,False,NULL,False,False,1,1,,False,False,,
212,SECRETARÍA DE TTOYTTE MCPAL CHIGORODO,CALLE 96 NO. 99A - 35 TERMINAL DE TRANSPORTE,8259399,Organismos de Tránsito,ANTIOQUIA,CHIGORODO,890980998,notificacionjudicial@chigorodo-antioquia.gov.co,2023-09-25 20:21:59.382334,2023-09-25 20:21:59.382334,NULL,5172,5172000,False,False,1,False,NULL,False,False,1,1,05,False,False,,
213,STRIA TTOyTTE MCPAL CIMITARRA,CARRERA 5 6-10 PALACIO MUNICIPAL,6059219,Organismos de Tránsito,SANTANDER,CIMITARRA,890208363,notificacionjudicial@cimitarra-santander.gov.co,2023-09-25 20:21:59.382334,2023-09-25 20:21:59.382334,NULL,68190,68190000,False,False,1,False,NULL,False,False,1,1,68,False,False,,
214,STRIA TTOyTTE MCPAL DE GUADUAS,CALLE 4 NO.1-88,8466100,Organismos de Tránsito,CUNDINAMARCA,GUADUAS,899999701,juridico@guaduas-cundinamarca.gov.co,2023-09-25 20:21:59.382334,2023-09-25 20:21:59.382334,NULL,25320,25320000,False,False,1,False,NULL,False,False,1,1,25,False,False,,
215,STRIA TTOYTTE MCPAL DE MADRID,CLL 5 N. 4-74,918250486,Organismos de Tránsito,CUNDINAMARCA,MADRID,899999325,alcaldia@madrid-cundinamarca.gov.co,2023-09-25 20:21:59.382,2023-09-25 20:21:59.382,NULL,25430,25430000,True,True,1,True,NULL,False,True,1,1,25,False,False,3168344358,INGRITH SUPELANO
216,STRIA TTOyTTE MCPAL DE OIBA,CALLE 10 N 6-36,7173285,Organismos de Tránsito,SANTANDER,OIBA,890210948,contactenos@oiba-santander.gov.co,2023-09-25 20:21:59.382334,2023-09-25 20:21:59.382334,NULL,68500,68500000,False,False,1,False,NULL,False,False,1,1,68,False,False,,
217,STRIA TTOyTTE MCPAL DE PUERTO TRIUNFO,CALLE 10 NO 10 - 71,8352017,Organismos de Tránsito,ANTIOQUIA,PUERTO TRIUNFO,890983906,alcaldia@puertotriunfo-antioquia.gov.co,2023-09-25 20:21:59.382334,2023-09-25 20:21:59.382334,NULL,5591,5591000,False,False,1,False,NULL,False,False,1,1,05,False,False,,
218,STRIA TTOyTTE MCPAL EL SOCORRO,CALLE 16 - CARRERA 16 TERMINAL DE TRANSPORTE LOCAL 2,7272579,Organismos de Tránsito,SANTANDER,SOCORRO,890203688,juridicaexterna@socorro-santander.gov.co,2023-09-25 20:21:59.382334,2023-09-25 20:21:59.382334,NULL,68755,68755000,False,False,1,False,NULL,False,False,1,1,68,False,False,,
219,STRIA TTOYTTE MCPAL EL TAMBO,CALLE 4 NO. 2-98. ALCALDIA MUNICIPAL,8276090,Organismos de Tránsito,CAUCA,EL TAMBO,871500978,juridica@eltambo-cauca.gov.co,2023-09-25 20:21:59.382334,2023-09-25 20:21:59.382334,NULL,19256,19256000,False,False,1,False,NULL,False,False,1,1,,False,False,,
220,STRIA TTOyTTE MCPAL FLORENCIA,CARRERA 15 # 14-27 BARRIO EL CENTRO,4346631,Organismos de Tránsito,CAQUETA,FLORENCIA,800095728,notificacionesjudiciales@florencia-caqueta.gov.co,2023-09-25 20:21:59.382334,2023-09-25 20:21:59.382334,NULL,18001,18001000,False,False,1,False,NULL,False,False,1,1,18,False,False,,
221,STRIA TTOyTTE MCPAL FRESNO,CARRERA 7 NO. 3-28 PALACIO MUNICIPAL PISO 1,2581778,Organismos de Tránsito,TOLIMA,FRESNO,800100056,contactenos@fresno-tolima.gov.co,2023-09-25 20:21:59.382334,2023-09-25 20:21:59.382334,NULL,73283,73283000,False,False,1,False,NULL,False,False,1,1,,False,False,,
222,STRIA TTOyTTE MCPAL FUNZA,CARRERA 15 CON CALLE 14 ESQUINA CENTRO COMERCIAL BANCOLOMBIA PISO 2,8223211,Organismos de Tránsito,CUNDINAMARCA,FUNZA,899999433,ingrith.supelano@transitoxpress.co,2023-09-25 20:21:59.382,2025-08-13 21:07:59.322,NULL,25286,25286000,True,True,1,True,NULL,False,False,1,1,25,False,False,3168344358,INGRITH SUPELANO
223,STRIA TTOyTTE MCPAL GARAGOA,CALLE 10 NO 9 - 65 PARQUE PRINCIPAL EDIFICIO ALCALDIA MUNICIPAL.,7500710,Organismos de Tránsito,BOYACA,GARAGOA,800025608,notificacionesjudiciales@garagoa-boyaca.gov.co,2023-09-25 20:21:59.382334,2023-09-25 20:21:59.382334,NULL,15299,15299000,False,False,1,False,NULL,False,False,1,1,,False,False,,
224,STRIA TTOyTTE MCPAL GIRARDOT,CARRERA 12B # 32 -55 BARRIO ROSA BLANCA,8325712,Organismos de Tránsito,CUNDINAMARCA,GIRARDOT,890680378,notificacionesjudiciales@girardot-cundinamarca.gov.co,2023-09-25 20:21:59.382334,2023-09-25 20:21:59.382334,NULL,25307,25307000,False,False,1,False,NULL,False,False,1,1,25,False,False,,
225,STRIA TTOyTTE MCPAL GUACARI,SALIDA NORTE VIA GUACARI - BUGA,2531000,Organismos de Tránsito,VALLE DEL CAUCA,GUACARI,891380089,notificacionjudicial@guacari-valle.gov.co,2023-09-25 20:21:59.382334,2023-09-25 20:21:59.382334,NULL,76318,76318000,False,False,1,False,NULL,False,False,1,1,76,False,False,,
226,STRIA TTOyTTE MCPAL INIRIDA,ALCALDIA MAYOR INIRIDA,5656065,Organismos de Tránsito,GUAINIA,INIRIDA,892099105,notificacionjudicial@inirida-guainia.gov.co,2023-09-25 20:21:59.382334,2023-09-25 20:21:59.382334,NULL,94001,94001000,False,False,1,False,NULL,False,False,1,1,94,False,False,,
227,STRIA TTOyTTE MCPAL IPIALES,ALCALDIA MUNICIPAL (PARQUE 20 DE JULIO) CRA 7 CON CALLE 9 ESQUINA 1 PISO,7730400,Organismos de Tránsito,NARINO,IPIALES,800099095,notificacionesjudiciales@ipiales-narino.gov.co,2023-09-25 20:21:59.382334,2023-09-25 20:21:59.382334,NULL,52356,52356000,False,False,1,False,NULL,False,False,1,1,,False,False,,
228,STRIA TTOyTTE MCPAL JAMUNDI,CALLE 11 NO. CON CARRERA 13 ESQUINA. CENTRO COMERCIAL PALMAS PLAZA LOCAL 11,5169290,Organismos de Tránsito,VALLE DEL CAUCA,JAMUNDI,890399046,notificacionjudicial@jamundi.gov.co,2023-09-25 20:21:59.382,2023-09-25 20:21:59.382,NULL,76364,76364000,False,False,1,False,NULL,False,False,1,1,76,False,False,,
229,STRIA TTOYTTE MCPAL LA ESTRELLA,CARRERA 60 NO. 80 SUR 24,2791606,Organismos de Tránsito,ANTIOQUIA,LA ESTRELLA,800096605,notificacionesjudiciales@laestrella.gov.co,2023-09-25 20:21:59.382,2023-09-25 20:21:59.382,NULL,5380,5380000,True,True,1,False,NULL,False,True,1,1,05,False,False,3168344358,INGRITH SUPELANO
230,STRIA TTOyTTE MCPAL LA PAZ,TRANSVERSAL 5 # 4-130,5771240,Organismos de Tránsito,CESAR,LA PAZ,890000564,notificacionjudicial@lapazrobles-cesar.gov.co,2023-09-25 20:21:59.382334,2023-09-25 20:21:59.382334,NULL,20621,20621000,False,False,1,False,NULL,False,False,1,1,,False,False,,
231,STRIA TTOyTTE MCPAL LA TEBAIDA,CARRERA 6 NO. 12-27,7542444,Organismos de Tránsito,QUINDIO,LA TEBAIDA,800100061,ventanillaunica@latebaida-quindio.gov.co,2023-09-25 20:21:59.382334,2023-09-25 20:21:59.382334,NULL,63401,63401000,False,False,1,False,NULL,False,False,1,1,63,False,False,,
232,STRIA TTOyTTE MCPAL LIBANO,CALLE 5 NO. 10 - 48 ALCALDIA MUNICIPAL PISO 2,3212009870,Organismos de Tránsito,TOLIMA,LIBANO,890205229,notificacionesjudiciales@libano-tolima.gov.co,2023-09-25 20:21:59.382334,2023-09-25 20:21:59.382334,NULL,73411,73411000,False,False,1,False,NULL,False,False,1,1,,False,False,,
233,STRIA TTOyTTE MCPAL MALAGA,CALLE 12 NO. 8-51,6615339,Organismos de Tránsito,SANTANDER,MALAGA,891500841,notificacionesjudiciales@malaga-santander.gov.co,2023-09-25 20:21:59.382334,2023-09-25 20:21:59.382334,NULL,68432,68432000,False,False,1,False,NULL,False,False,1,1,68,False,False,,
234,STRIA TTOyTTE MCPAL MIRANDA,CALLE 6 NO 5-21. PALACIO MUNICIPAL BARRIO CENTRAL MIRANDA CAUCA,8476013,Organismos de Tránsito,CAUCA,MIRANDA,800103923,notificacionjudicial@miranda-cauca.gov.co,2023-09-25 20:21:59.382334,2023-09-25 20:21:59.382334,NULL,19455,19455000,False,False,1,False,NULL,False,False,1,1,,False,False,,
235,STRIA TTOYTTE MCPAL NARIÑO,CARRERA 4 NO 4 09,7231578,Organismos de Tránsito,NARINO,NARINO,800102896,alcaldia@narino-narino.gov.co,2023-09-25 20:21:59.382334,2023-09-25 20:21:59.382334,NULL,52480,52480000,False,False,1,False,NULL,False,False,1,1,,False,False,,
236,STRIA TTOyTTE MCPAL ORITO,ALCALDIA MUNICIPAL,4292016,Organismos de Tránsito,PUTUMAYO,ORITO,800102896,juridicaycontratacion@orito-putumayo.gov.co,2023-09-25 20:21:59.382334,2023-09-25 20:21:59.382334,NULL,86320,86320000,False,False,1,False,NULL,False,False,1,1,,False,False,,
237,STRIA TTOyTTE MCPAL PACHO,CARRERA 16 NO 6 - 29 - PRIMER PISO. ALCALDIA MUNICIPAL,8540065,Organismos de Tránsito,CUNDINAMARCA,PACHO,899999475,notificacionjudicial@pacho-cundinamarca.gov.co,2023-09-25 20:21:59.382334,2023-09-25 20:21:59.382334,NULL,25513,25513000,False,False,1,False,NULL,False,False,1,1,25,False,False,,
238,STRIA TTOyTTE MCPAL PAIPA,CALLE 25 NO 20-08. PISO 2 ANTIGUA CASA DE LA CULTURA,7853251,Organismos de Tránsito,BOYACA,PAIPA,891801240,notificacionjudicial@paipa-boyaca.gov.co,2023-09-25 20:21:59.382334,2023-09-25 20:21:59.382334,NULL,15516,15516000,False,False,1,False,NULL,False,False,1,1,,False,False,,
239,STRIA TTOyTTE MCPAL PIENDAMO,CARRERA 5 # 9-93 ALCALDIA MUNICIPAL PISO 2,8250834,Organismos de Tránsito,CAUCA,PIENDAMO,901043532,alcaldia@piendamo-cauca.gov.co,2023-09-25 20:21:59.382334,2023-09-25 20:21:59.382334,NULL,19548,19548000,False,False,1,False,NULL,False,False,1,1,,False,False,,
240,STRIA TTOyTTE MCPAL POPAYAN,CARRERA 2 CALLE 25 NORTE VIA POMONA,8200810,Organismos de Tránsito,CAUCA,POPAYAN,891580006,atencionalciudadano@popayan.gov.co,2023-09-25 20:21:59.382334,2023-09-25 20:21:59.382334,NULL,19001,19001000,False,False,1,False,NULL,False,False,1,1,,False,False,,
241,STRIA TTOyTTE MCPAL PRADERA,CARRERA 8 CON CALLE 8 ESQUINA,2670577,Organismos de Tránsito,VALLE DEL CAUCA,PRADERA,891380115,oficinajuridica@pradera-valle.gov.co,2023-09-25 20:21:59.382334,2023-09-25 20:21:59.382334,NULL,76563,76563000,False,False,1,False,NULL,False,False,1,1,76,False,False,,
242,STRIA TTOYTTE MCPAL RICAURTE,MUNICIPIO DE RIOCAUTE CENTRO,7753417,Organismos de Tránsito,NARINO,RICAURTE,800099127,notificacionjudicial@ricaurte-narino.gov.co,2023-09-25 20:21:59.382334,2023-09-25 20:21:59.382334,NULL,52612,52612000,False,False,1,False,NULL,False,False,1,1,,False,False,,
243,STRIA TTOyTTE MCPAL SABANA DE TORRES,CALLE 11 # 11-06 BARRIO AIRES,3222756934,Organismos de Tránsito,SANTANDER,SABANA DE TORRES,890204643,notificacionjudicial@sabanadetorres-santander.gov.co,2023-09-25 20:21:59.382334,2023-09-25 20:21:59.382334,NULL,68655,68655000,False,False,1,False,NULL,False,False,1,1,68,False,False,,
244,STRIA TTOyTTE MCPAL SABANETA,CARRERA 45 N. 75 SUR - 35,3015597,Organismos de Tránsito,ANTIOQUIA,SABANETA,890980331,juan.gil@utsetsa.com,2023-09-25 20:21:59.382,2025-08-13 21:10:17.229,NULL,5631,5631000,True,True,1,True,05631,False,False,1,1,05,False,False,3005040839,JUAN DAVID GIL
245,STRIA TTOyTTE MCPAL SAN JOSE GUAVIARE,CALLE 9 D Nº 19-50-BARRIO PORVENIR,5840147,Organismos de Tránsito,GUAVIARE,SAN JOSE DEL GUAVIARE,800103180,notificacionjudicial@sanjosedelguaviare-guaviare.gov.co,2023-09-25 20:21:59.382334,2023-09-25 20:21:59.382334,NULL,95001,95001000,False,False,1,False,NULL,False,False,1,1,,False,False,,
246,STRIA TTOyTTE MCPAL SAN MARTÍN/CESAR,CRA 7 13-56,5548058,Organismos de Tránsito,CESAR,SAN MARTIN,892301093,notificacionjudicial@sanmartin-cesar.gov.co,2023-09-25 20:21:59.382334,2023-09-25 20:21:59.382334,NULL,20770,20770000,False,False,1,False,NULL,False,False,1,1,,False,False,,
247,STRIA TTOyTTE MCPAL SARAVENA,CALLE 27 NO. 15-16,8891915,Organismos de Tránsito,ARAUCA,SARAVENA,800102799,juridica@saravena-arauca.gov.co,2023-09-25 20:21:59.382334,2023-09-25 20:21:59.382334,NULL,81736,81736000,False,False,1,False,NULL,False,False,1,1,81,False,False,,
248,STRIA TTOyTTE MCPAL SEGOVIA,CALLE 50 # 53-105,8316670,Organismos de Tránsito,ANTIOQUIA,SEGOVIA,890981391,notificacionjudicial@segovia-antioquia.gov.co,2023-09-25 20:21:59.382334,2023-09-25 20:21:59.382334,NULL,5736,5736000,False,False,1,False,NULL,False,False,1,1,05,False,False,,
249,STRIA TTOyTTE MCPAL TIMBIO,CARRERA 17 NO. 17-06,8278463,Organismos de Tránsito,CAUCA,TIMBIO,891500742,alcaldia@timbio-cauca.gov.co,2023-09-25 20:21:59.382334,2023-09-25 20:21:59.382334,NULL,19807,19807000,False,False,1,False,NULL,False,False,1,1,,False,False,,
250,STRIA TTOYTTE MCPAL TURBACO,TRANSITO MUNICIPAL DE TURBACO AV TRONCAL DE OCCIDENTE - SECTOR PLAN PAREJO CALLE,6555352,Organismos de Tránsito,BOLIVAR,TURBACO,890481149,juridica@turbacobolivar.gov.co,2023-09-25 20:21:59.382334,2023-09-25 20:21:59.382334,NULL,13836,13836000,False,False,1,False,NULL,False,False,1,1,13,False,False,,
251,STRIA TTOyTTE MCPAL UBATE,CARRERA 4 CON CALLE 10 ESQUINA,8891668,Organismos de Tránsito,CUNDINAMARCA,UBATE,900802091,notificacionesjudiciales@ubate-cundinamarca.gov.co,2023-09-25 20:21:59.382334,2023-09-25 20:21:59.382334,NULL,25843,25843000,False,False,1,False,NULL,False,False,1,1,25,False,False,,
252,STRIA TTOyTTE MCPAL URRAO,CALLE 34 A NO. 27-10 - CENTRO ADMINISTRATIVO,504204,Organismos de Tránsito,ANTIOQUIA,URRAO,890907515,gobierno@urrao-antioquia.gov.co,2023-09-25 20:21:59.382334,2023-09-25 20:21:59.382334,NULL,5847,5847000,False,False,1,False,NULL,False,False,1,1,05,False,False,,
253,STRIA TTOyTTE MCPAL VILLAVICENCIO,CARRERA 37 A NO. 19 C 20,6725369,Organismos de Tránsito,META,VILLAVICENCIO,892099324,juridicanotificaciones@villavicencio.gov.co,2023-09-25 20:21:59.382334,2023-09-25 20:21:59.382334,NULL,50001,50001000,False,False,1,False,NULL,False,False,1,1,50,False,False,,
254,STRIA TTOyTTE MCPAL YOPAL,CRA 23 CON CALLE 26 ESQUINA TERMINAL DE TRANSPORTE,6320839,Organismos de Tránsito,CASANARE,YOPAL,891855017,notificacionesjudiciales@yopal-casanare.gov.co,2023-09-25 20:21:59.382334,2023-09-25 20:21:59.382334,NULL,85001,85001000,False,False,1,False,NULL,False,False,1,1,,False,False,,
255,STRIA TTOyTTE MOCOA,CARRERA 7 CON CALLE 8 ESQUINA PALACIO MUNICIPAL,4200524,Organismos de Tránsito,PUTUMAYO,MOCOA,8000102891,juridica@mocoa-putumayo.gov.co - notificacionjudicial@mocoa-putumayo.gov.co,2023-09-25 20:21:59.382334,2023-09-25 20:21:59.382334,NULL,86001,86001000,False,False,1,False,NULL,False,False,1,1,,False,False,,
256,STRIA TTOyTTE MPAL SANTANDER QUILICHAO,CARRERA 11 NO. 4 - 50,8294086,Organismos de Tránsito,CAUCA,SANTANDER DE QUILICHAO,891500269,notificacionesjudiciales@santanderdequilichao-cauca.gov.co,2023-09-25 20:21:59.382334,2023-09-25 20:21:59.382334,NULL,19698,19698000,False,False,1,False,NULL,False,False,1,1,,False,False,,
257,STRIA TTOyTTE PALMIRA,CALLE 47 NO. 35-91,2711807,Organismos de Tránsito,VALLE DEL CAUCA,PALMIRA,891380007,jfrojas@mcc.com.co,2023-09-25 20:21:59.382,2025-08-13 21:30:18.636,NULL,76520,76520000,True,True,1,True,NULL,False,False,1,1,76,True,False,3175030071,JUAN ROJAS
258,STRIA TTOyTTE SALAMINA,CALLE 5 NO. 5-65,8595020,Organismos de Tránsito,CALDAS,SALAMINA,8908011313,oficinajuridica@salamina-caldas.gov.co,2023-09-25 20:21:59.382334,2023-09-25 20:21:59.382334,NULL,17653,17653000,False,False,1,False,NULL,False,False,1,1,17,False,False,,
259,STRIA TTOyTTE SEVILLA,ALCALDIA CARRERA 50 NO. 51-10 PISO 3. ESQUINA,2198845,Organismos de Tránsito,VALLE DEL CAUCA,SEVILLA,800100527,notificacionesjudiciales@sevilla-valle.gov.co,2023-09-25 20:21:59.382334,2023-09-25 20:21:59.382334,NULL,76736,76736000,False,False,1,False,NULL,False,False,1,1,76,False,False,,
260,STRIA TTOyTTE VELEZ,CALLE 9 # 2-27 ALCALDIA MUNICIPAL,7564990,Organismos de Tránsito,SANTANDER,VELEZ,890205677,notificacionesjudiciales@velez-santander.gov.co,2023-09-25 20:21:59.382334,2023-09-25 20:21:59.382334,NULL,68861,68861000,False,False,1,False,NULL,False,False,1,1,68,False,False,,
261,STRIA TTOyTTE YUMBO,CARRERA 6 NO 4-36 BARRIO BELALCAZAR,6699599,Organismos de Tránsito,VALLE DEL CAUCA,YUMBO,890399025,judicial@yumbo.gov.co,2023-09-25 20:21:59.382334,2023-09-25 20:21:59.382334,NULL,76892,76892000,False,False,1,False,NULL,False,False,1,1,76,False,False,,
262,SUB STARIA TTOyTTE DPTAL NARIÑO/IMUES,VIA PANAMERICANA CORREGIMIENTO PEDREGAL,033-3167179085,Organismos de Tránsito,NARIÑO,IMUES - NARIÑO,800019005,notificacionjudicial@imues-narino.gov.co,2023-09-25 20:21:59.382334,2023-09-25 20:21:59.382334,NULL,52354,52354000,False,False,1,False,NULL,False,False,1,1,52,False,False,,
263,SUB STRIA MOVILIDAD RIOSUCIO,CARRERA 7 CALLE 10 ESQUINA PISO 1 - CASA DE GOBIERNO MUNICIPAL,8594830,Organismos de Tránsito,CALDAS,RIOSUCIO,890801138,alcaldia@riosucio-caldas.gov.co,2023-09-25 20:21:59.382334,2023-09-25 20:21:59.382334,NULL,17614,17614000,False,False,1,False,NULL,False,False,1,1,17,False,False,,
264,STRIA TTOyTTE MCPAL BUESACO/NARIÑO,BARRRIO EL ROSARIO,2-7420280 Y 3136452829,Organismos de Tránsito,NARINO,BUESACO,800099062,alcaldia@buesaco-narino.gov.co,2023-09-25 20:21:59.382334,2023-09-25 20:21:59.382334,NULL,52110,52110000,False,False,1,False,NULL,False,False,1,1,,False,False,,
265,SUBSTRIA TTOyTTE DPTAL NARIÑO/LA UNION,CALLE 18 NO 02-89,3137496039,Organismos de Tránsito,NARIÑO,LA UNION - NARIÑO,800099102,notificacionjudicial@launion-narino.gov.co,2023-09-25 20:21:59.382334,2023-09-25 20:21:59.382334,NULL,52399,52399000,False,False,1,False,NULL,False,False,1,1,52,False,False,,
266,SUBSTRIA TTOyTTE DPTAL NARIÑO/PUPIALES,CARRERA 4 # 5 – 33 BARRIO SAN FRANCISCO,2-7246215,Organismos de Tránsito,NARIÑO,PUPIALES - NARIÑO,800099122,secgobierno@pupiales-narino.gov.co,2023-09-25 20:21:59.382334,2023-09-25 20:21:59.382334,NULL,52585,52585000,False,False,1,False,NULL,False,False,1,1,52,False,False,,
267,SUBSTRIA TTOyTTE DPTAL NARIÑO/SAMANIEGO,ALCALDIA MUNICIPAL,3014103299,Organismos de Tránsito,NARIÑO,SAMANIEGO - NARIÑO,800099136,contactenos@samaniego-narino.gov.co,2023-09-25 20:21:59.382334,2023-09-25 20:21:59.382334,NULL,52678,52678000,False,False,1,False,NULL,False,False,1,1,52,False,False,,
268,SUBSTRIA TTOyTTE DPTAL NARIÑO/SANDONA,CRA 5 NO 10-33 B/MELÉNDEZ,033-3137208900,Organismos de Tránsito,NARIÑO,SANDONA - NARIÑO,800099138,notificacionjudicial@sandona-narino.gov.co,2023-09-25 20:21:59.382334,2023-09-25 20:21:59.382334,NULL,52683,52683000,False,False,1,False,NULL,False,False,1,1,52,False,False,,
269,SUBSTRIA TTOyTTE DTAL NARIÑO/GUACHUCAL,CRA 5 NO 8-55 EDIFICIO CAN,2-7778601 Y 7771398,Organismos de Tránsito,NARIÑO,GUACHUCAL - NARIÑO,800015689,contactenos@guachucal-narino.gov.co,2023-09-25 20:21:59.382334,2023-09-25 20:21:59.382334,NULL,52317,52317000,False,False,1,False,NULL,False,False,1,1,52,False,False,,
270,TRÁNSITO DPTAL DEL MAGDALENA/SITIONUEVO,KILOMETRO 2 + 500 METROS VÍA PALERMO,4381144,Organismos de Tránsito,MAGDALENA,SITIONUEVO - MAGDALENA,891780103,notificacionjudicial@sitionuevo-magdalena.gov.co,2023-09-25 20:21:59.382334,2023-09-25 20:21:59.382334,NULL,47745,47745000,False,False,1,False,NULL,False,False,1,1,,False,False,,
271,U TEC CONT/VIG/ REG TTOyTTE SANTA MARTA,CALLE 15 NO. 1C - 54 OFIC. 302 EDIFICIO PEVESCA,4382777,Organismos de Tránsito,MAGDALENA,SANTA MARTA,891780009,notificacionesalcaldiadistrital@santamarta.gov.co,2023-09-25 20:21:59.382334,2023-09-25 20:21:59.382334,NULL,47001,47001000,False,False,1,False,NULL,False,False,1,1,,False,False,,
272,UND MCPAL TTOyTTE PALERMO,CALLE 33 NO. 5 P -10 VIA BOGOTA,8753489,Organismos de Tránsito,HUILA,PALERMO,8911800219,alcaldia@palermo-huila.gov.co,2023-09-25 20:21:59.382334,2023-09-25 20:21:59.382334,NULL,41524,41524000,False,False,1,False,NULL,False,False,1,1,41,False,False,,
273,UND TTO CALDAS/ARANZAZU,CARRERA 6 # 6-23,3394000,Organismos de Tránsito,CALDAS,ARANZAZU - CALDAS,8908011424,notificaciones.judiciales@aranzazu-caldas.gov.co,2023-09-25 20:21:59.382334,2023-09-25 20:21:59.382334,NULL,17050,17050000,False,False,1,False,NULL,False,False,1,1,17,False,False,,
274,UNIDAD TTO CALDAS/VILLAMARIA,CALLE 10 # 3 - 30 LOCAL 1 Y 2 EDIFICIO JUAN MIGUEL,8779197,Organismos de Tránsito,CALDAS,VILLAMARIA - CALDAS,8908011528,notificacionjudicial@villamaria-caldas.gov.co,2023-09-25 20:21:59.382334,2023-09-25 20:21:59.382334,NULL,17873,17873000,False,False,1,False,NULL,False,False,1,1,17,False,False,,
276,SECRETARÍA DE TRANSPORTE Y TRÁNSITO DE SABANETA,Carrera 45 N. 75 Sur - 35,3015597,Organismos de Tránsito,ANTIOQUIA,SABANETA-ANTIOQUIA,890980331,sectransito@sabaneta.gov.co,2023-09-27 13:51:49.568,2023-09-27 13:51:49.568,NULL,15631,05631000,False,False,2,False,NULL,False,False,1,1,05,False,False,,
277,OFICINA DE TRANSITO Y TRANSPORTE MAGADALENA,TRONCAL DEL CARIBE KM 8,605 4380058,Organismos de Tránsito,MAGDALENA,MAGDALENA-MAGDALENA,NULL,transito@magdalena.gov.co,2023-09-27 16:02:25.075013,2023-09-27 16:02:25.075013,NULL,47000,47000000,False,False,1,False,NULL,False,False,1,1,,False,False,,
278,STRIA  TTO ATLANTICO,CALLE 40 No. 45-06.,3713000,Organismos de Tránsito,ATLÁNTICO,ATLÁNTICO-ATLÁNTICO,NULL,juridica2@transitodelatlantico.gov.co,2023-09-27 16:47:48.197641,2023-09-27 16:47:48.197641,NULL,08000,08000000,False,False,1,False,NULL,False,False,1,1,,False,False,,
279,STRIA TTEyMOV CUNDINAMARCA/COTA,KILOMETRO 1.5 VIA BOGOTA-SIBERIA PARQUE AGROINDUSTRIAL DE OCCIDENTE BODEGA 1,8767487,Organismos de Tránsito,CUNDINAMARCA,COTA - CUNDINAMARCA,899999705,notificacionesjudicialescota@cundinamarca.gov.co,2023-09-29 17:46:35.483789,2023-09-29 17:46:35.483789,NULL,25214,25214000,False,False,1,False,NULL,False,False,1,1,25,False,False,,
286,STRIA TTEyTTO BELLO,DIAGONAL 50A NO. 42 -95,4813030,Organismos de Tránsito,ANTIOQUIA,BELLO,890980112,gerencia@movilidadavanzadabello.com.co,2023-10-17 22:49:23.251,2025-08-13 21:25:43.946899,NULL,05088,5088000,True,True,1,True,05088,False,False,1,1,05,False,False,3007362882,DIANA ZULUAGA
304,STRIA TTOyTTE MCPAL NECOCLÍ/ANTIOQUIA,NULL,NULL,NULL,ANTIOQUIA,NECOCLI,NULL,NULL,2023-10-17 22:49:23.251,2023-10-17 22:49:23.251,NULL,549,5490000,False,False,1,False,NULL,False,False,1,1,05,False,False,,
309,TRÁNSITO DPTAL DE ANTIOQUIA/SAN JERONIMO,NULL,NULL,NULL,ANTIOQUIA,SAN JERONIMO,NULL,NULL,2023-10-17 22:49:23.251176,2023-10-17 22:49:23.251176,NULL,5656,5656001,False,False,1,False,NULL,False,False,1,1,05,False,False,,
317,STRIA DTAL TTO BARRANQUILLA,NULL,NULL,NULL,ATLANTICO,BARRANQUILLA,NULL,NULL,2023-10-17 22:49:23.251,2023-10-17 22:49:23.251,NULL,8001,8001000,False,False,1,False,NULL,False,False,1,1,08,False,False,,
318,INSTITUTO DE TRÁNSITO DEL ATLANTICO/BARANOA,NULL,NULL,NULL,ATLANTICO,BARANOA,NULL,NULL,2023-10-17 22:49:23.251176,2023-10-17 22:49:23.251176,NULL,8078,8078001,False,False,1,False,NULL,False,False,1,1,08,False,False,,
321,STRIA MCPAL TTOyTTE PUERTO COLOMBIA,NULL,NULL,NULL,ATLANTICO,PUERTO COLOMBIA,NULL,NULL,2023-10-17 22:49:23.251,2023-10-17 22:49:23.251,NULL,8573,8573000,False,False,1,False,NULL,False,False,1,1,08,False,False,,
325,CENTRO DE SERVICIOS DE MOVILIDAD CALLE 13,NULL,NULL,NULL,BOGOTA D.C.,BOGOTA,NULL,NULL,2023-10-17 22:49:23.251176,2023-10-17 22:49:23.251176,NULL,11001,10000030,False,False,1,False,NULL,False,False,1,1,11,False,False,,
334,MUNICIPIO DE SANTA ROSA DEL SUR DE BOLIVAR,NULL,NULL,NULL,BOLIVAR,SANTA ROSA DEL SUR,NULL,NULL,2023-10-17 22:49:23.251176,2023-10-17 22:49:23.251176,NULL,13688,13683000,False,False,1,False,NULL,False,False,1,1,13,False,False,,
335,SECRETARIA DE MOVILIDAD DEL DEPARTAMENTO DE BOLIVAR,NULL,NULL,NULL,BOLIVAR,SANTA ROSA,NULL,NULL,2023-10-17 22:49:23.251176,2023-10-17 22:49:23.251176,NULL,13683,13683001,False,False,1,False,NULL,False,False,1,1,13,False,False,,
339,ITBOY - DIST TTO No 1/COMBITA,NULL,NULL,NULL,BOYACA,COMBITA,NULL,NULL,2023-10-17 22:49:23.251176,2023-10-17 22:49:23.251176,NULL,15204,15204001,False,False,1,False,NULL,False,False,1,1,,False,False,,
342,ITBOY - DIST TTO No. 6/GUATEQUE,NULL,NULL,NULL,BOYACA,GUATEQUE,NULL,NULL,2023-10-17 22:49:23.251176,2023-10-17 22:49:23.251176,NULL,15322,15322001,False,False,1,False,NULL,False,False,1,1,,False,False,,
343,ITBOY - DIST TTO No. 10/VILLA DE LEYVA,NULL,NULL,NULL,BOYACA,VILLA DE LEYVA,NULL,NULL,2023-10-17 22:49:23.251176,2023-10-17 22:49:23.251176,NULL,15407,15407001,False,False,1,False,NULL,False,False,1,1,,False,False,,
344,ITBOY - DIST TTO No. 9/MIRAFLORES,NULL,NULL,NULL,BOYACA,MIRAFLORES,NULL,NULL,2023-10-17 22:49:23.251176,2023-10-17 22:49:23.251176,NULL,15455,15455001,False,False,1,False,NULL,False,False,1,1,,False,False,,
345,ITBOY - DIST TTO No. 5/MONIQUIRA,NULL,NULL,NULL,BOYACA,MONIQUIRA,NULL,NULL,2023-10-17 22:49:23.251176,2023-10-17 22:49:23.251176,NULL,15469,15469001,False,False,1,False,NULL,False,False,1,1,,False,False,,
346,ITBOY - DIST TTO No. 2/ NOBSA,NULL,NULL,NULL,BOYACA,NOBSA,NULL,NULL,2023-10-17 22:49:23.251176,2023-10-17 22:49:23.251176,NULL,15491,15491001,False,False,1,False,NULL,False,False,1,1,,False,False,,
349,ITBOY - DIST TTO No. 11/RAMIRIQUI,NULL,NULL,NULL,BOYACA,RAMIRIQUI,NULL,NULL,2023-10-17 22:49:23.251176,2023-10-17 22:49:23.251176,NULL,15599,15599001,False,False,1,False,NULL,False,False,1,1,,False,False,,
350,ITBOY - DIST TTO No. 4/SABOYA,NULL,NULL,NULL,BOYACA,SABOYA,NULL,NULL,2023-10-17 22:49:23.251176,2023-10-17 22:49:23.251176,NULL,15632,15632001,False,False,1,False,NULL,False,False,1,1,,False,False,,
351,ITBOY - DIST DE TTO SANTA ROSA DE VITERBO,NULL,NULL,NULL,BOYACA,SANTA ROSA DE VITERBO,NULL,NULL,2023-10-17 22:49:23.251176,2023-10-17 22:49:23.251176,NULL,15693,15693001,False,False,1,False,NULL,False,False,1,1,,False,False,,
352,ITBOY - DIST TTO No. 7/SOATA,NULL,NULL,NULL,BOYACA,SOATA,NULL,NULL,2023-10-17 22:49:23.251176,2023-10-17 22:49:23.251176,NULL,15753,15753001,False,False,1,False,NULL,False,False,1,1,,False,False,,
357,UND TTO CALDAS/ARANZAZU,NULL,NULL,NULL,CALDAS,ARANZAZU,NULL,NULL,2023-10-17 22:49:23.251176,2023-10-17 22:49:23.251176,NULL,17050,17050001,False,False,1,False,NULL,False,False,1,1,17,False,False,,
364,UNIDAD TTO CALDAS/VILLAMARIA,NULL,NULL,NULL,CALDAS,VILLAMARIA,NULL,NULL,2023-10-17 22:49:23.251176,2023-10-17 22:49:23.251176,NULL,17873,17873001,False,False,1,False,NULL,False,False,1,1,17,False,False,,
366,DIR TTOyTTE DPTAL CAQUETA/BELEN DE LOS ANDAQUIES,NULL,NULL,NULL,CAQUETA,BELEN DE LOS ANDAQUIES,NULL,NULL,2023-10-17 22:49:23.251176,2023-10-17 22:49:23.251176,NULL,18094,18094001,False,False,1,False,NULL,False,False,1,1,18,False,False,,
367,DIR TTOYTTE DPTAL CAQUETA/EL PAUJIL,NULL,NULL,NULL,CAQUETA,EL PAUJIL,NULL,NULL,2023-10-17 22:49:23.251176,2023-10-17 22:49:23.251176,NULL,18256,18256001,False,False,1,False,NULL,False,False,1,1,18,False,False,,
368,DIR TTOyTTE DPTAL CAQUETA/SAN VIC CAGUAN,NULL,NULL,NULL,CAQUETA,SAN VICENTE DEL CAGUAN,NULL,NULL,2023-10-17 22:49:23.251176,2023-10-17 22:49:23.251176,NULL,18753,18753001,False,False,1,False,NULL,False,False,1,1,18,False,False,,
392,STRIA DPTAL TTOyTTE CORDOBA/CHINU,NULL,NULL,NULL,CORDOBA,CHINU,NULL,NULL,2023-10-17 22:49:23.251176,2023-10-17 22:49:23.251176,NULL,23182,23182001,False,False,1,False,NULL,False,False,1,1,,False,False,,
393,STRIA DPTAL TTOyTTE CORDOBA/APARTADA,NULL,NULL,NULL,CORDOBA,LA APARTADA,NULL,NULL,2023-10-17 22:49:23.251176,2023-10-17 22:49:23.251176,NULL,23350,23350001,False,False,1,False,NULL,False,False,1,1,,False,False,,
397,STRIA TTEy MOV CUND/ARBELAEZ,NULL,NULL,NULL,CUNDINAMARCA,ARBELAEZ,NULL,NULL,2023-10-17 22:49:23.251176,2023-10-17 22:49:23.251176,NULL,25053,25053001,False,False,1,False,NULL,False,False,1,1,25,False,False,,
399,STRIA TTEy MOV CUND/CAQUEZA,NULL,NULL,NULL,CUNDINAMARCA,CAQUEZA,NULL,NULL,2023-10-17 22:49:23.251176,2023-10-17 22:49:23.251176,NULL,25151,25151001,False,False,1,False,NULL,False,False,1,1,25,False,False,,
401,STRIA TTEyMOV CUND/CHIPAQUE,NULL,NULL,NULL,CUNDINAMARCA,CHIPAQUE,NULL,NULL,2023-10-17 22:49:23.251176,2023-10-17 22:49:23.251176,NULL,25178,25178000,False,False,1,False,NULL,False,False,1,1,25,False,False,,
402,STRIA TTEyMOV CUND/CHOCONTA,NULL,NULL,NULL,CUNDINAMARCA,CHOCONTA,NULL,NULL,2023-10-17 22:49:23.251176,2023-10-17 22:49:23.251176,NULL,25183,25183001,False,False,1,False,NULL,False,False,1,1,25,False,False,,
403,STRIA TTEyMOV CUNDINAMARCA/COTA,NULL,NULL,NULL,CUNDINAMARCA,COTA,NULL,NULL,2023-10-17 22:49:23.251176,2023-10-17 22:49:23.251176,NULL,25214,25214001,False,False,1,False,NULL,False,False,1,1,25,False,False,,
404,STRIA TTEyMOV CUND/EL ROSAL,NULL,NULL,NULL,CUNDINAMARCA,EL ROSAL,NULL,NULL,2023-10-17 22:49:23.251176,2023-10-17 22:49:23.251176,NULL,25260,25260001,False,False,1,False,NULL,False,False,1,1,25,False,False,,
410,STRIA TTEyMOV CUND/LA CALERA,NULL,NULL,NULL,CUNDINAMARCA,LA CALERA,NULL,NULL,2023-10-17 22:49:23.251,2023-10-17 22:49:23.251,NULL,25377,25377001,False,False,1,False,NULL,False,False,1,1,25,False,False,,
411,SECRETARIA DE TRÁNSITO-DEL MUNICIPIO DE LA MESA-CUNDINAMARCA,NULL,NULL,NULL,CUNDINAMARCA,LA MESA,NULL,NULL,2023-10-17 22:49:23.251176,2023-10-17 22:49:23.251176,NULL,25386,25386001,False,False,1,False,NULL,False,False,1,1,25,False,False,,
415,STRIA TTEyMOV CUND/PUERTO SALGAR,NULL,NULL,NULL,CUNDINAMARCA,PUERTO SALGAR,NULL,NULL,2023-10-17 22:49:23.251176,2023-10-17 22:49:23.251176,NULL,25572,25572001,False,False,1,False,NULL,False,False,1,1,25,False,False,,
416,STRIA TTEyMOV CUND/RICAURTE,NULL,NULL,NULL,CUNDINAMARCA,RICAURTE,NULL,NULL,2023-10-17 22:49:23.251176,2023-10-17 22:49:23.251176,NULL,25612,25612000,False,False,1,False,NULL,False,False,1,1,25,False,False,,
421,STRIA TTEyMOV CUND/VILLETA,NULL,NULL,NULL,CUNDINAMARCA,VILLETA,NULL,NULL,2023-10-17 22:49:23.251176,2023-10-17 22:49:23.251176,NULL,25875,25875001,False,False,1,False,NULL,False,False,1,1,25,False,False,,
424,DIR TTEyTTO DPTAL CHOCO/ISTMINA,NULL,NULL,NULL,CHOCO,ISTMINA,NULL,NULL,2023-10-17 22:49:23.251176,2023-10-17 22:49:23.251176,NULL,27361,27361001,False,False,1,False,NULL,False,False,1,1,,False,False,,
433,INST TTOyTTE DPTAL HUILA/TIMANA,NULL,NULL,NULL,HUILA,TIMANA,NULL,NULL,2023-10-17 22:49:23.251176,2023-10-17 22:49:23.251176,NULL,41807,41807001,False,False,1,False,NULL,False,False,1,1,41,False,False,,
437,DPTO ADTVO TTOyTTE GUAJIRA/HATONUEVO,NULL,NULL,NULL,LA GUAJIRA,HATONUEVO,NULL,NULL,2023-10-17 22:49:23.251176,2023-10-17 22:49:23.251176,NULL,44378,44378001,False,False,1,False,NULL,False,False,1,1,44,False,False,,
445,TRÁNSITO DPTAL DEL MAGDALENA/SITIONUEVO,NULL,NULL,NULL,MAGDALENA,SITIONUEVO,NULL,NULL,2023-10-17 22:49:23.251176,2023-10-17 22:49:23.251176,NULL,47745,47745001,False,False,1,False,NULL,False,False,1,1,,False,False,,
446,STRIA TTOyTTE MCPAL ZONA BANANERA MAGDALENA,NULL,NULL,NULL,MAGDALENA,ZONA BANANERA,NULL,NULL,2023-10-17 22:49:23.251176,2023-10-17 22:49:23.251176,NULL,47980,47980000,False,False,1,False,NULL,False,False,1,1,,False,False,,
450,INST DPTAL TTOyTTE META/GUAMAL,NULL,NULL,NULL,META,GUAMAL,NULL,NULL,2023-10-17 22:49:23.251176,2023-10-17 22:49:23.251176,NULL,50318,50318001,False,False,1,False,NULL,False,False,1,1,50,False,False,,
451,INST DPTAL TTOyTTE META/PUERTO LOPEZ,NULL,NULL,NULL,META,PUERTO LOPEZ,NULL,NULL,2023-10-17 22:49:23.251176,2023-10-17 22:49:23.251176,NULL,50573,50573001,False,False,1,False,NULL,False,False,1,1,50,False,False,,
452,INST DPTAL TTOyTTE  META/RESTREPO,NULL,NULL,NULL,META,RESTREPO,NULL,NULL,2023-10-17 22:49:23.251176,2023-10-17 22:49:23.251176,NULL,50606,50606001,False,False,1,False,NULL,False,False,1,1,50,False,False,,
454,SUBSTRIA TTOyTTE DPTAL NARIÑO/BUESACO,NULL,NULL,NULL,NARINO,BUESACO,NULL,NULL,2023-10-17 22:49:23.251176,2023-10-17 22:49:23.251176,NULL,52110,52110001,False,False,1,False,NULL,False,False,1,1,,False,False,,
456,SUBSTRIA TTOyTTE DTAL NARIÑO/GUACHUCAL,NULL,NULL,NULL,NARINO,GUACHUCAL,NULL,NULL,2023-10-17 22:49:23.251176,2023-10-17 22:49:23.251176,NULL,52317,52317001,False,False,1,False,NULL,False,False,1,1,,False,False,,
457,SUB STARIA TTOyTTE DPTAL NARIÑO/IMUES,NULL,NULL,NULL,NARINO,IMUES,NULL,NULL,2023-10-17 22:49:23.251176,2023-10-17 22:49:23.251176,NULL,52354,52354001,False,False,1,False,NULL,False,False,1,1,,False,False,,
459,SUBSTRIA TTOyTTE DPTAL NARIÑO/LA UNION,NULL,NULL,NULL,NARINO,LA UNION,NULL,NULL,2023-10-17 22:49:23.251176,2023-10-17 22:49:23.251176,NULL,52399,52399001,False,False,1,False,NULL,False,False,1,1,,False,False,,
461,SUBSTRIA TTOyTTE DPTAL NARIÑO/PUPIALES,NULL,NULL,NULL,NARINO,PUPIALES,NULL,NULL,2023-10-17 22:49:23.251176,2023-10-17 22:49:23.251176,NULL,52585,52585001,False,False,1,False,NULL,False,False,1,1,,False,False,,
463,SUBSTRIA TTOyTTE DPTAL NARIÑO/SAMANIEGO,NULL,NULL,NULL,NARINO,SAMANIEGO,NULL,NULL,2023-10-17 22:49:23.251176,2023-10-17 22:49:23.251176,NULL,52678,52678001,False,False,1,False,NULL,False,False,1,1,,False,False,,
464,SUBSTRIA TTOyTTE DPTAL NARIÑO/SANDONA,NULL,NULL,NULL,NARINO,SANDONA,NULL,NULL,2023-10-17 22:49:23.251176,2023-10-17 22:49:23.251176,NULL,52683,52683001,False,False,1,False,NULL,False,False,1,1,,False,False,,
470,STRIA TTO DPTAL NTE SANTANDER/EL ZULIA,NULL,NULL,NULL,NORTE DE SANTANDER,EL ZULIA,NULL,NULL,2023-10-17 22:49:23.251176,2023-10-17 22:49:23.251176,NULL,54261,54261001,False,False,1,False,NULL,False,False,1,1,,False,False,,
477,INST DPTAL DE TTO QUINDIO/CIRCASIA,NULL,NULL,Organismos de Tránsito,QUINDIO,CIRCASIA,890001044,notificacionjudicial@circasia-quindio.gov.co,2023-10-17 22:49:23.251,2023-10-17 22:49:23.251,NULL,63190,63190001,False,False,1,False,NULL,False,False,1,1,63,False,False,,
502,SECRETARIA DPTAL TTOyTTE SUCRE/SAMPUES,NULL,NULL,NULL,SUCRE,SAMPUES,NULL,NULL,2023-10-17 22:49:23.251176,2023-10-17 22:49:23.251176,NULL,70670,70670001,False,False,1,False,NULL,False,False,1,1,,False,False,,
504,INST TTO Y TTE DEL MUNICIPIO DE SINCÉ,NULL,NULL,NULL,SUCRE,SINCE,NULL,NULL,2023-10-17 22:49:23.251176,2023-10-17 22:49:23.251176,NULL,70742,70742000,False,False,1,False,NULL,False,False,1,1,,False,False,,
506,DPTO ADTVO TTOyTTE TOLIMA/ ALVARADO,NULL,NULL,NULL,TOLIMA,ALVARADO,NULL,NULL,2023-10-17 22:49:23.251176,2023-10-17 22:49:23.251176,NULL,73026,73026001,False,False,1,False,NULL,False,False,1,1,,False,False,,
507,DPTO ADTVO TTOyTTE TOLIMA/GUAYABAL,NULL,NULL,NULL,TOLIMA,ARMERO,NULL,NULL,2023-10-17 22:49:23.251176,2023-10-17 22:49:23.251176,NULL,73055,73055001,False,False,1,False,NULL,False,False,1,1,,False,False,,
511,DPTO ADTVO TTOyTTE TOLIMA/GUAMO,NULL,NULL,NULL,TOLIMA,GUAMO,NULL,NULL,2023-10-17 22:49:23.251176,2023-10-17 22:49:23.251176,NULL,73319,73319001,False,False,1,False,NULL,False,False,1,1,,False,False,,
516,DPTO ADTVO TTOyTTE TOLIMA/ORTEGA,NULL,NULL,NULL,TOLIMA,ORTEGA,NULL,NULL,2023-10-17 22:49:23.251176,2023-10-17 22:49:23.251176,NULL,73504,73504001,False,False,1,False,NULL,False,False,1,1,,False,False,,
517,DPTO ADTVO TTOyTTE TOLIMA/PURIFICACIÓN,NULL,NULL,NULL,TOLIMA,PURIFICACION,NULL,NULL,2023-10-17 22:49:23.251176,2023-10-17 22:49:23.251176,NULL,73585,73585001,False,False,1,False,NULL,False,False,1,1,,False,False,,
519,STRIA MOVyTTE DPTAL VALLE DEL CAUCA/ALCALA,NULL,NULL,NULL,VALLE DEL CAUCA,ALCALA,NULL,NULL,2023-10-17 22:49:23.251176,2023-10-17 22:49:23.251176,NULL,76020,76020001,False,False,1,False,NULL,False,False,1,1,76,False,False,,
521,STRIA MOVyTTE DPTAL VALLE DEL CAUCA/ANSERMANUEVO,NULL,NULL,NULL,VALLE DEL CAUCA,ANSERMANUEVO,NULL,NULL,2023-10-17 22:49:23.251176,2023-10-17 22:49:23.251176,NULL,76041,76041001,False,False,1,False,NULL,False,False,1,1,76,False,False,,
522,STRIA MOVyTTE DPTAL VALLE DEL CAUCA/BOLIVAR,NULL,NULL,NULL,VALLE DEL CAUCA,BOLIVAR,NULL,NULL,2023-10-17 22:49:23.251176,2023-10-17 22:49:23.251176,NULL,76100,76100001,False,False,1,False,NULL,False,False,1,1,76,False,False,,
525,STRIA MOVyTTE DPTAL VALLE DEL CAUCA/BUGALAGRANDE,NULL,NULL,NULL,VALLE DEL CAUCA,BUGALAGRANDE,NULL,NULL,2023-10-17 22:49:23.251176,2023-10-17 22:49:23.251176,NULL,76113,76113001,False,False,1,False,NULL,False,False,1,1,76,False,False,,
529,STRIA MOVyTTE DPTAL VALLE DEL CAUCA/DAGUA,NULL,NULL,NULL,VALLE DEL CAUCA,DAGUA,NULL,NULL,2023-10-17 22:49:23.251176,2023-10-17 22:49:23.251176,NULL,76233,76233001,False,False,1,False,NULL,False,False,1,1,76,False,False,,
541,SECRETARIA DE MOVILIDAD MUNICIPAL DE VIJES,NULL,NULL,NULL,VALLE DEL CAUCA,VIJES,NULL,NULL,2023-10-17 22:49:23.251176,2023-10-17 22:49:23.251176,NULL,76869,76869000,False,False,1,False,NULL,False,False,1,1,76,False,False,,
545,INST TTOyTTE  ARAUCA/ARAUCA,NULL,NULL,NULL,ARAUCA,ARAUCA,NULL,NULL,2023-10-17 22:49:23.251176,2023-10-17 22:49:23.251176,NULL,81001,81001001,False,False,1,False,NULL,False,False,1,1,81,False,False,,
550,DIR DPTAL TTOyTTE CASANARE/AGUAZUL,NULL,NULL,NULL,CASANARE,AGUAZUL,NULL,NULL,2023-10-17 22:49:23.251176,2023-10-17 22:49:23.251176,NULL,85010,85010001,False,False,1,False,NULL,False,False,1,1,,False,False,,
555,TRANSITO DPTAL DE PUTUMAYO/ SIBUNDOY,NULL,NULL,NULL,PUTUMAYO,SIBUNDOY,NULL,NULL,2023-10-17 22:49:23.251176,2023-10-17 22:49:23.251176,NULL,86749,86749001,False,False,1,False,NULL,False,False,1,1,,False,False,,
558,DIR DPTAL TTOYTTE SAN ANDRES ISLAS,NULL,NULL,NULL,"ARCHIPIELAGO DE SAN ANDRES, PROVIDENCIA",SAN ANDRES,NULL,NULL,2023-10-17 22:49:23.251176,2023-10-17 22:49:23.251176,NULL,88001,88001001,False,False,1,False,NULL,False,False,1,1,,False,False,,
562,F. DPTAL TTO VICHADA/PUERTO CARREÑO,NULL,NULL,NULL,VICHADA,PUERTO CARRENO,NULL,NULL,2023-10-17 22:49:23.251176,2023-10-17 22:49:23.251176,NULL,99001,99001001,False,False,1,False,NULL,False,False,1,1,,False,False,,
645,STRIA TTO MOV MCPAL NEIRA/CALDAS,NULL,NULL,NULL,CALDAS,NEIRA,NULL,NULL,2025-10-08 21:39:39.077,2025-10-08 21:39:39.077,NULL,00000,17486000,False,False,1,False,NULL,False,False,1,1,17,False,False,,
650,STRIA MOV MCPAL VITERBO/CALDAS,NULL,NULL,NULL,CALDAS,VITERBO,NULL,NULL,2025-10-08 21:39:39.077,2025-10-08 21:39:39.077,NULL,00000,17877000,False,False,1,False,NULL,False,False,1,1,17,False,False,,
674,INST DTAL DE TTO CESAR/SAN ALBERTO,NULL,NULL,NULL,CESAR,SAN ALBERTO,NULL,NULL,2025-10-08 21:39:39.077,2025-10-08 21:39:39.077,NULL,00000,20710001,False,False,1,False,NULL,False,False,1,1,,False,False,,
685,STRIA TTO TTEyMOV MCPAL CAJICA/CUND,NULL,NULL,NULL,CUNDINAMARCA,CAJICA,NULL,NULL,2025-10-08 21:39:39.077,2025-10-08 21:39:39.077,NULL,00000,25126000,False,False,1,False,NULL,False,False,1,1,,False,False,,
708,STRIA TTOyMOV MCPAL SOPO/CUND,NULL,NULL,NULL,CUNDINAMARCA,SOPO,NULL,NULL,2025-10-08 21:39:39.077,2025-10-08 21:39:39.077,NULL,00000,25758000,False,False,1,False,NULL,False,False,1,1,,False,False,,
715,STRIA TTOyTTE MCPAL AIPE/HUILA,NULL,NULL,NULL,HUILA,AIPE,NULL,NULL,2025-10-08 21:39:39.077,2025-10-08 21:39:39.077,NULL,00000,41016000,False,False,1,False,NULL,False,False,1,1,41,False,False,,
758,TRÁNSITO DPTAL NARIÑO/YACUANQUER,NULL,NULL,NULL,NARINO,YACUANQUER,NULL,NULL,2025-10-08 21:39:39.077,2025-10-08 21:39:39.077,NULL,00000,52885001,False,False,1,False,NULL,False,False,1,1,,False,False,,
777,STRIA TTOyTTE MCPAL BARICHARA/SANTANDER,NULL,NULL,NULL,SANTANDER,BARICHARA,NULL,NULL,2025-10-08 21:39:39.077,2025-10-08 21:39:39.077,NULL,00000,68079000,False,False,1,False,NULL,False,False,1,1,68,False,False,,
787,STRIA TTOyTTE MCPAL PUENTE NACIONAL/SANTANDER,NULL,NULL,NULL,SANTANDER,PUENTE NACIONAL,NULL,NULL,2025-10-08 21:39:39.077,2025-10-08 21:39:39.077,NULL,00000,68572000,False,False,1,False,NULL,False,False,1,1,68,False,False,,
828,DIR TTOyTTE LA CUMBRE,NULL,NULL,NULL,VALLE DEL CAUCA,LA CUMBRE,NULL,NULL,2025-10-08 21:39:39.077,2025-10-08 21:39:39.077,NULL,00000,76377000,False,False,1,False,NULL,False,False,1,1,,False,False,,
